Event Title,Date & Time,City,Venue / Location,Platform,Primary Category,Student Org / Partner,Pricing / Ticket,B2C Score (1-10),AIESEC Priority,Clash Status,Relevant Tags,Recommended B2C Action,Organizer,Event Link,Verified Proof / Announcement Link,Proof Verification Status,Description
Khayal Mareed Play,From 7 to 30 Oct · 8:00 PM,Giza,Theatro Arkan,TicketsMarche,General Event,Independent,Free / Paid Tickets,4.0,LOW,⚠️ Clash,general,General Monitoring for potential youth presence,Fekr Production,https://www.ticketsmarche.com/event/Khayal-Mareed-Play_8475,https://www.ticketsmarche.com/event/Khayal-Mareed-Play_8475,100% Verified Real,Khayal Mareed Play organized by Fekr Production. Tickets available on TicketsMarche (Free / Paid Tickets). Venue: Theatro Arkan.
Fayoum camp - one day desert adventure,"Fri, 09 Oct • 12:00 AM + 2 more",Cairo,Tahrir Square,AllEvents,Social & Entertainment,Independent,Free,2.8,LOW,⚠️ Clash,"entertainment, social, leisure",General Monitoring (Social / Leisure),AllEvents Organizer,https://allevents.in/cairo/fayoum-camp-one-day-desert-adventure-tickets/80008790533368,https://allevents.in/cairo/fayoum-camp-one-day-desert-adventure-tickets/80008790533368,100% Verified Real,
Qahwa 5A 5th settlement,"Oct 09, 2026 · 04:30 AM",Giza,Qahwa 5A,Meetup,General Event,Independent,Free,4.0,LOW,⚠️ Clash,general,General Monitoring for potential youth presence,Qahwa Coffee Meetup Group,https://www.meetup.com/qahwa-coffee-meetup-group/events/316621663/,https://www.meetup.com/qahwa-coffee-meetup-group/events/316621663/,100% Verified Real,"A casual weekend meetup for good coffee, breakfast, and great conversations! ☕️🥐
Every weekend, we’ll meet at Qahwa 5A, New Cairo to enjoy a relaxed morning, have some coffee and breakfast, and meet new people.

No special requirements—just come with a good mood, an open mind, and a willingness to m"
Dream Weaver Weaving the Ancient Wisdom of the Dream with the Arts Body and the Archetypes,"Fri, 09 Oct • 11:00 AM",Cairo,The Knowledge Hub Universities,AllEvents,General Event,Independent,Registration / Tickets,4.0,LOW,⚠️ Clash,general,General Monitoring for potential youth presence,AllEvents Organizer,https://allevents.in/ramadan-10-city/dream-weaver-weaving-the-ancient-wisdom-of-the-dream-with-the-arts-body-and-the-archetypes/200030580965617,https://allevents.in/ramadan-10-city/dream-weaver-weaving-the-ancient-wisdom-of-the-dream-with-the-arts-body-and-the-archetypes/200030580965617,100% Verified Real,
Spiraling into Desire,"Fri, 09 Oct • 11:00 AM",Cairo,The Knowledge Hub Universities,AllEvents,General Event,Independent,Registration / Tickets,4.0,LOW,⚠️ Clash,general,General Monitoring for potential youth presence,AllEvents Organizer,https://allevents.in/ramadan-10-city/spiraling-into-desire/200030719362534,https://allevents.in/ramadan-10-city/spiraling-into-desire/200030719362534,100% Verified Real,
German Speaking Practice: Professional Host!,"Oct 09, 2026 · 02:00 PM",Alexandria,TBA,Meetup,General Event,Independent,Free,4.0,LOW,⚠️ Clash,general,General Monitoring for potential youth presence,🌍 Frankfurt Meetup | Daily Events!,https://www.meetup.com/frankfurt-english/events/316624383/,https://www.meetup.com/frankfurt-english/events/316624383/,100% Verified Real,"Do you ever feel a bit nervous when speaking German? You’re not alone. Many of us want to express ourselves more confidently, but it’s hard to find a safe, supportive space to practice.
That’s why we created this warm, judgment-free group where you can have real, meaningful conversations, connect wi"
🌍German Practice | Meet Friends (Professional Host),"Oct 09, 2026 · 02:00 PM",Alexandria,TBA,Meetup,General Event,Independent,Free,4.0,LOW,⚠️ Clash,general,General Monitoring for potential youth presence,💬 München Meetup | Now Daily Events!,https://www.meetup.com/munchen-english/events/316624382/,https://www.meetup.com/munchen-english/events/316624382/,100% Verified Real,"Do you ever feel a bit nervous when speaking German? You’re not alone. Many of us want to express ourselves more confidently, but it’s hard to find a safe, supportive space to practice.
That’s why we created this warm, judgment-free group where you can have real, meaningful conversations, connect wi"
Nasr City Boardgame Night | NewGame,"Oct 09, 2026 · 03:00 PM",Cairo,Alia Lounge & Chef Mo,Meetup,General Event,Independent,Free,4.0,LOW,⚠️ Clash,general,General Monitoring for potential youth presence,Egypt Board Games and Tabletop Role Playing | NewGame,https://www.meetup.com/cairo-tabletop-role-playing-and-board-games-meetup-group/events/316854099/,https://www.meetup.com/cairo-tabletop-role-playing-and-board-games-meetup-group/events/316854099/,100% Verified Real,"Come join us in Alia lounge for a chill boardgame night, where we have fun and make new friends.
📅 Friday 09/10 from 6:00 pm to 11:00 pm
💵 Fee: 200 EGP
📍 Location: Alia lounge
https://maps.app.goo.gl/K3NUseJfUdZgzo5e7
🎲 Zero experience in games needed, as I will be your host and Game Master introduc"
Asphyxia (2017),"Fri, 09 Oct, 2026 - 05:00 PM",Giza,"42 El Orouba St, Cairo, Egypt, 21111",AllEvents,General Event,Independent,Registration / Tickets,4.0,LOW,⚠️ Clash,general,General Monitoring for potential youth presence,AllEvents Organizer,https://allevents.in/cairo/عرض-ومناقشة-فيلم-«اختناق»-asphyxia-2017-فى-مكتبة-مصر-الجديدة/200030785255517,https://allevents.in/cairo/عرض-ومناقشة-فيلم-«اختناق»-asphyxia-2017-فى-مكتبة-مصر-الجديدة/200030785255517,100% Verified Real,
Right Life Partner : Is the relationship right for me or not?,"Oct 09, 2026 · 05:30 PM",Alexandria,TBA,Meetup,"Volunteering, SDGs & Cultural Exchange",Independent,Free,6.2,MEDIUM,⚠️ Clash,"cultural, arts, community",Promote Cross-Cultural Exchange,Climate Within,https://www.meetup.com/climate-within-meetup-group/events/316664088/,https://www.meetup.com/climate-within-meetup-group/events/316664088/,100% Verified Real,"## Choosing a Life Partner: Love or Something Else?

A life partner is chosen with the intention of **lifelong companionship**. Yet this choice can become either a profound blessing or a source of immense suffering.
What shapes this choice?

Is it societal pressure? The influence of popular culture,"
Marioneta Show Season 29,"Fri, 09 Oct, 2026 - 06:00 PM",Giza,Galal El Sharkawy Theatre   مسرح جلال الشرقاوي,AllEvents,General Event,Independent,Registration / Tickets,4.0,LOW,⚠️ Clash,general,General Monitoring for potential youth presence,AllEvents Organizer,https://allevents.in/cairo/marioneta-show-season-29/200030776555736,https://allevents.in/cairo/marioneta-show-season-29/200030776555736,100% Verified Real,
Leila Assal,8 and 9 Oct · 8:00 PM,Giza,Cairo Cultural Hub,TicketsMarche,General Event,Independent,Free / Paid Tickets,4.0,LOW,⚠️ Clash,general,General Monitoring for potential youth presence,film square,https://www.ticketsmarche.com/event/leila_assall,https://www.ticketsmarche.com/event/leila_assall,100% Verified Real,Leila Assal organized by film square. Tickets available on TicketsMarche (Free / Paid Tickets). Venue: Cairo Cultural Hub.
Ahmed Magdy x Anfoushy Cultural Palace,Oct 09 · 09:00 PM,Cairo,Al Anfoushy Theater,TicketsMarche,"Volunteering, SDGs & Cultural Exchange",Independent,350.00 EGP,7.0,MEDIUM,⚠️ Clash,"culture, volunteering, sdg, exchange",Promote Global Volunteer Projects & SDG Alignment,FADA X Mazzika,https://www.ticketsmarche.com/event/ahmed-magdy_9430,https://www.ticketsmarche.com/event/ahmed-magdy_9430,100% Verified Real,Ahmed Magdy x Anfoushy Cultural Palace organized by FADA X Mazzika. Tickets available on TicketsMarche (350.00 EGP). Venue: Al Anfoushy Theater.
Abdelrahman Mohamed- Man3an Lel Ehrag (Comedy Special),Oct 09 · 08:00 PM,Cairo,Teatro 90,TicketsMarche,General Event,Independent,500.00 EGP,4.0,LOW,⚠️ Clash,general,General Monitoring for potential youth presence,Teatro 90,https://www.ticketsmarche.com/event/abdelrahman-mohamed_9440,https://www.ticketsmarche.com/event/abdelrahman-mohamed_9440,100% Verified Real,Abdelrahman Mohamed- Man3an Lel Ehrag (Comedy Special) organized by Teatro 90. Tickets available on TicketsMarche (500.00 EGP). Venue: Teatro 90.
Saleb Wahed x Falaki,Oct 09 · 08:30 PM,Cairo,Falaki Mainstage Theater,TicketsMarche,General Event,Independent,250.00 EGP,4.0,LOW,⚠️ Clash,general,General Monitoring for potential youth presence,RMC,https://www.ticketsmarche.com/event/Saleb-Wahed_9498,https://www.ticketsmarche.com/event/Saleb-Wahed_9498,100% Verified Real,Saleb Wahed x Falaki organized by RMC. Tickets available on TicketsMarche (250.00 EGP). Venue: Falaki Mainstage Theater.
Egypt Womens Health Summit 2026 (EWHS 2026),"Sat, 10 Oct, 2026 - 09:00 AM",Giza,Cairo Marriott Hotel,AllEvents,Flagship Summits,Independent,Registration / Tickets,9.8,HIGH,⚠️ Clash,"summit, flagship, youth, leadership","Major National Activation: Deploy Chapter Delegation, Booth Presence & Global Volunteer Recruitment",AllEvents Organizer,https://allevents.in/cairo/egypt-womens-health-summit-2026-ewhs-2026/200029585295612,https://allevents.in/cairo/egypt-womens-health-summit-2026-ewhs-2026/200029585295612,100% Verified Real,
The Tenth International Conference of Environmental Sciences,"Sat, 10 Oct • 09:00 AM",Mansoura,Suez Canal University,AllEvents,University Conferences & Academic Forums,Independent,Registration / Tickets,8.7,HIGH,⚠️ Clash,"university, academic, conference, campus, youth","Major Campus Activation: Deploy Chapter Delegation, Booth Presence & Recruit University Students",AllEvents Organizer,https://allevents.in/al-sharqia/the-tenth-international-conference-of-environmental-sciences/200030415824325,https://allevents.in/al-sharqia/the-tenth-international-conference-of-environmental-sciences/200030415824325,100% Verified Real,
DU-PHARM 2026,"Sat, 10 Oct • 09:00 AM",Mansoura,Delta University for Science & Technology,AllEvents,General Event,Independent,Registration / Tickets,4.0,LOW,⚠️ Clash,general,General Monitoring for potential youth presence,AllEvents Organizer,https://allevents.in/dakahlia/du-pharm-2026/200030667251829,https://allevents.in/dakahlia/du-pharm-2026/200030667251829,100% Verified Real,
New Cairo board games  meeting,"Oct 10, 2026 · 01:00 PM",New Cairo,Sip n snack,Meetup,General Event,Independent,Free,4.0,LOW,⚠️ Clash,general,General Monitoring for potential youth presence,Cairo Board Games,https://www.meetup.com/cairo-board-games/events/316896998/,https://www.meetup.com/cairo-board-games/events/316896998/,100% Verified Real,"let's play board games and socialize fee 150 egp

location Sip n snack [https://maps.app.goo.gl/KSHdCKQgR2shE3vRA](https://maps.app.goo.gl/KSHdCKQgR2shE3vRA) For any enquiries call me 01142661053

please join our whatsapp [https://chat.whatsapp.com/FZu1rATgKIg4fui71ZDUhn](https://chat.whatsapp.com/F"
Mo the hangout spot Saturday,"Oct 10, 2026 · 03:30 PM",New Cairo,Mo the hangout spot,Meetup,General Event,Independent,Free,4.0,LOW,⚠️ Clash,general,General Monitoring for potential youth presence,Mo the hangout spot Group,https://www.meetup.com/cairo-meetup-and-explore-the-community-meetup-group/events/316895224/,https://www.meetup.com/cairo-meetup-and-explore-the-community-meetup-group/events/316895224/,100% Verified Real,"Meet new people 🤝, make new connections 🫂, and just have a really good time

No pressure , no awkward vibes — just good people , good conversations 💬, good music 🎶, and good energy

Forget the stress , leave the routine behind , and enjoy the moment 🌴🍹✨

Come as you are 🫶
Meet someone new 🤝
Make som"
Cairo Opera House,"Sat, 10 Oct, 2026 - 07:00 PM",Cairo,"Cairo, Egypt",AllEvents,General Event,Independent,Registration / Tickets,4.0,LOW,⚠️ Clash,general,General Monitoring for potential youth presence,AllEvents Organizer,https://allevents.in/cairo/فلاحون-مقاتلون-في-ذكرى-رحيل-عبد-الله-النديم-أرواح-في-المدينة-تحكي-كيف-شارك-في-نصر-أكتوبر/200030802345643,https://allevents.in/cairo/فلاحون-مقاتلون-في-ذكرى-رحيل-عبد-الله-النديم-أرواح-في-المدينة-تحكي-كيف-شارك-في-نصر-أكتوبر/200030802345643,100% Verified Real,
El Leila El Kebeera X Teatro 90,Oct 10 · 08:00 PM,Cairo,Teatro 90,TicketsMarche,General Event,Independent,450.00 EGP,4.0,LOW,⚠️ Clash,general,General Monitoring for potential youth presence,Teatro 90 x Fada Arts,https://www.ticketsmarche.com/event/el-leila-el-kebeera_9441,https://www.ticketsmarche.com/event/el-leila-el-kebeera_9441,100% Verified Real,El Leila El Kebeera X Teatro 90 organized by Teatro 90 x Fada Arts. Tickets available on TicketsMarche (450.00 EGP). Venue: Teatro 90.
Maa'soom Beach,Maa'soom Marassi,Cairo,Summer 2026,TicketsMarche,Social & Entertainment,Independent,Free / Paid Tickets,2.8,LOW,⚠️ Clash,"entertainment, social, leisure",General Monitoring (Social / Leisure),NULL,https://www.ticketsmarche.com/event/8810,https://www.ticketsmarche.com/event/8810,100% Verified Real,Maa'soom Beach organized by NULL. Tickets available on TicketsMarche (Free / Paid Tickets). Venue: Summer 2026.
“Redeeming Love” Play,7-11 Oct 2026,Cairo,El-Samer Theatre,TicketsMarche,General Event,Independent,Free / Paid Tickets,4.0,LOW,⚠️ Clash,general,General Monitoring for potential youth presence,Better Show Theater Team,https://www.ticketsmarche.com/event/Redeeming-Love_9228,https://www.ticketsmarche.com/event/Redeeming-Love_9228,100% Verified Real,“Redeeming Love” Play organized by Better Show Theater Team. Tickets available on TicketsMarche (Free / Paid Tickets). Venue: El-Samer Theatre.
Mostafa El Razzaz,"Sun, 11 Oct, 2026 - 06:00 PM",Giza,"11 Brazil St, Cairo, Egypt, 11211",AllEvents,General Event,Independent,Registration / Tickets,4.0,LOW,⚠️ Clash,general,General Monitoring for potential youth presence,AllEvents Organizer,https://allevents.in/cairo/mostafa-el-razzaz-مصطفى-الرزاز/200030805472441,https://allevents.in/cairo/mostafa-el-razzaz-مصطفى-الرزاز/200030805472441,100% Verified Real,
Rethinking Rebuilding,"Sun, 11 Oct, 2026 - 06:00 PM",Alexandria,Bibliotheca Alexandrina - مكتبة الاسكندرية,AllEvents,General Event,Independent,Registration / Tickets,4.0,LOW,⚠️ Clash,general,General Monitoring for potential youth presence,AllEvents Organizer,https://allevents.in/alexandria/السيمبوزيوم-الدولي-rethinking-rebuilding/200030799923509,https://allevents.in/alexandria/السيمبوزيوم-الدولي-rethinking-rebuilding/200030799923509,100% Verified Real,
Crowd Gigs by Mohamed Helmy,"Oct 11,12 and 13",Giza,Theatro Arkan,TicketsMarche,General Event,Independent,Free / Paid Tickets,4.0,LOW,⚠️ Clash,general,General Monitoring for potential youth presence,helmyman X arkan multi,https://www.ticketsmarche.com/event/crowd-gigs-by-mohamed-helmy_9509,https://www.ticketsmarche.com/event/crowd-gigs-by-mohamed-helmy_9509,100% Verified Real,Crowd Gigs by Mohamed Helmy organized by helmyman X arkan multi. Tickets available on TicketsMarche (Free / Paid Tickets). Venue: Theatro Arkan.
Seamless North Africa 2026 (Fintech & Digital Commerce),"Oct 12 - 13, 2026 · 09:30 AM",Cairo,Egypt International Exhibition Center (EIEC),Egypt Flagship Summits,Flagship Summits,Independent,Free Visitor Pass,9.8,HIGH,⚠️ Clash,"summit, flagship, youth, leadership",B2B partnership targeting: Meet fintech corporate partners for incoming Global Talent trainee placement.,Terrapinn & Central Bank of Egypt,https://www.terrapinn.com/exhibition/seamless-north-africa/,https://www.terrapinn.com/exhibition/seamless-north-africa/,100% Verified Real,"North Africa's flagship fintech, digital payments, banking technology, and e-commerce youth conference. Brings together 6,000+ delegates, 200+ industry exhibitors, and university students seeking careers in fintech. Target Audience: Business, Economics, Finance, Engineering, and Computer Science undergraduates. Venue Details: Egypt International Exhibition Center (EIEC), Hall 2, New Cairo. Activities: Keynote tracks, start-up pitch arena, fintech talent networking, and interactive developer workshops. Admission: Free delegate pass upon pre-registration. B2C Tactical Opportunity: Engage banking and tech corporate sponsors for Global Talent corporate partnerships and internships."
Finite Element Analysis,"Mon, 12 Oct • 10:00 AM",Cairo,المركز القومى للبحوث,AllEvents,General Event,Independent,Registration / Tickets,4.0,LOW,⚠️ Clash,general,General Monitoring for potential youth presence,AllEvents Organizer,https://allevents.in/giza/finite-element-analysis/200030798986337,https://allevents.in/giza/finite-element-analysis/200030798986337,100% Verified Real,
AUC Campus Leadership & Global Careers Forum,"Oct 12 - 13, 2026 · 11:00 AM",New Cairo,AUC New Cairo & Bassily Auditorium,Egypt Flagship Summits,Flagship Summits,Independent,Open to University Students,9.8,HIGH,⚠️ Clash,"summit, flagship, youth, leadership",High-conversion campus recruitment for Global Volunteer & Global Talent exchanges.,American University in Cairo (AUC),https://www.aucegypt.edu/events,https://www.aucegypt.edu/events,100% Verified Real,"AUC's premier annual forum exploring international careers, diplomacy, and global youth leadership. Attended by selected students from AUC, GUC, BUE, Cairo University, and regional delegates. Target Audience: Students of Political Science, International Business, Computer Science, Engineering, and Global Affairs. Venue Details: Bassily Auditorium & Moataz Al Alfi Hall, AUC New Cairo Campus, AUC Avenue, New Cairo. Activities: Keynotes by multinational directors and international NGO representatives, diplomatic career panels, and global networking sessions. Admission: Free admission with university ID and pre-registration approval. B2C Tactical Opportunity: Premium target for high-proficiency English speakers seeking international Global Volunteer and Global Talent roles abroad."
Improve Your Public Speaking - in Maadi,"Oct 12, 2026 · 04:00 PM",Cairo,Bio Geometry Consulting Ltd.,Meetup,Student Orgs & Campus Leadership,Toastmasters,Free,8.0,MEDIUM,⚠️ Clash,"Toastmasters, student, campus, youth, leadership",Partner Outreach with Toastmasters: Joint Activation / PR Collaboration,Cairo Toastmasters - Improve your Public Speaking!,https://www.meetup.com/cairotmclub/events/316666586/,https://www.meetup.com/cairotmclub/events/316666586/,100% Verified Real,"Do you want to kick your public speaking skills up a couple of notches?
Join Maadi Toastmasters Club and practice public speaking with professional speakers from all over the world to ace your next presentation.

What's Maadi Toastmasters Club?

A Toastmasters Club meeting is a learn-by-doing event "
Dance Hall Revolution Vol.6,Oct 12 · 03:00 PM,Giza,Cairo Jazz Club 610,TicketsMarche,General Event,Independent,Free / Paid Tickets,4.0,LOW,⚠️ Clash,general,General Monitoring for potential youth presence,Cairo Jazz Club,https://www.ticketsmarche.com/event/9513,https://www.ticketsmarche.com/event/9513,100% Verified Real,Dance Hall Revolution Vol.6 organized by Cairo Jazz Club. Tickets available on TicketsMarche (Free / Paid Tickets). Venue: Cairo Jazz Club 610.
Caribou Coffee Morning Cairo East Walk Mall,"Oct 13, 2026 · 04:30 AM",New Cairo,Near AUC,Meetup,Social & Entertainment,Independent,Free,2.8,LOW,⚠️ Clash,"entertainment, social, leisure",General Monitoring (Social / Leisure),Caribou Coffee Morning New Cairo East Walk Mall,https://www.meetup.com/caribou-coffee-new-cairo-meetup/events/316427466/,https://www.meetup.com/caribou-coffee-new-cairo-meetup/events/316427466/,100% Verified Real,"Follow this link to join Caribou Coffee Meetup WhatsApp group: [https://chat.whatsapp.com/IZh4XcCOk1V2sXmIBqjYpq?s=sh&p=a&mlu=4](https://chat.whatsapp.com/IZh4XcCOk1V2sXmIBqjYpq?s=sh&p=a&mlu=4)
For Inquiries WhatsApp ±2 01098292380
When & Where We Meet
​Location: Caribou Coffee, East Walk Mall (New "
نادي المقاولون العرب الرياضي,"Tue, 13 Oct, 2026 - 04:00 PM",Giza,"Giza, Egypt",AllEvents,General Event,Independent,Registration / Tickets,4.0,LOW,⚠️ Clash,general,General Monitoring for potential youth presence,AllEvents Organizer,https://allevents.in/cairo/بطولة-السوبر-ليج-2026/200030800385216,https://allevents.in/cairo/بطولة-السوبر-ليج-2026/200030800385216,100% Verified Real,
The Egypt Exploration Society Past present and future,"Tue, 13 Oct, 2026 - 06:00 PM",Giza,"British Council, Agouza, Cairo",AllEvents,General Event,Independent,Registration / Tickets,4.0,LOW,⚠️ Clash,general,General Monitoring for potential youth presence,AllEvents Organizer,https://allevents.in/cairo/the-egypt-exploration-society-past-present-and-future/200030792649117,https://allevents.in/cairo/the-egypt-exploration-society-past-present-and-future/200030792649117,100% Verified Real,
Karaoke Tuesday at Room Garden City,"Tue, 13 Oct • 08:00 PM",Giza,"10 Etehad El Mohamein St, Cairo, Cairo Governorate, Egypt",AllEvents,General Event,Independent,Registration / Tickets,4.0,LOW,⚠️ Clash,general,General Monitoring for potential youth presence,AllEvents Organizer,https://allevents.in/cairo/karaoke-tuesday-at-room-garden-city/200030730248251,https://allevents.in/cairo/karaoke-tuesday-at-room-garden-city/200030730248251,100% Verified Real,
El Khatba,Oct 13 · 08:00 PM,Giza,Cairo Jazz Club 610,TicketsMarche,General Event,Independent,400.00 EGP,4.0,LOW,⚠️ Clash,general,General Monitoring for potential youth presence,Cairo Jazz,https://www.ticketsmarche.com/event/El_Khatba_9515,https://www.ticketsmarche.com/event/El_Khatba_9515,100% Verified Real,El Khatba organized by Cairo Jazz. Tickets available on TicketsMarche (400.00 EGP). Venue: Cairo Jazz Club 610.
the International Conference on Voice and Swallowing Disorders,"Wed, 14 Oct, 2026 - 08:00 AM",Giza,TOLIP El Narges Hotel & SPA,AllEvents,Medical & Clinical Congress,Independent,Registration / Tickets,2.5,LOW,⚠️ Clash,"medical, clinical, b2b",Do Not Deploy (Niche Clinical Target - Incompatible with Youth B2C),AllEvents Organizer,https://allevents.in/cairo/the-international-conference-on-voice-and-swallowing-disorders/200029421992908,https://allevents.in/cairo/the-international-conference-on-voice-and-swallowing-disorders/200029421992908,100% Verified Real,
The 3rd Annual Conference of Assiut Nephrology Association,"Wed, Oct 14 - Oct 16",Assiut,"Assiut, Egypt",Facebook Events,Healthcare & Medical Education,Independent,Registration Required,7.2,MEDIUM,⚠️ Clash,"medical, healthcare, university, student_training","Target Medical, Dental & Pharmacy Undergraduates for Global Volunteer Projects",Facebook Event Host,https://www.facebook.com/events/1414836616764516/,https://www.facebook.com/events/1414836616764516/,100% Verified Real,"Wed, Oct 14 - Oct 16
The 3rd Annual Conference of Assiut Nephrology Association
Assiut University
234 interested · 29 going"
Heart Is Life  Annual International Congress  AIC 2026,"Wed, 14 Oct, 2026 - 12:00 PM",Giza,"Hilton Cairo Grand Nile (Cairo, Cairo Governorate, Egypt)",AllEvents,General Event,Independent,Registration / Tickets,4.0,LOW,⚠️ Clash,general,General Monitoring for potential youth presence,AllEvents Organizer,https://allevents.in/cairo/heart-is-life-annual-international-congress-aic-2026/200030781882625,https://allevents.in/cairo/heart-is-life-annual-international-congress-aic-2026/200030781882625,100% Verified Real,
Spec-Driven Development with ATDD & AI (Valentina Jemuović),"Oct 14, 2026 · 03:30 PM",Alexandria,TBA,Meetup,General Event,Independent,Free,4.0,LOW,⚠️ Clash,general,General Monitoring for potential youth presence,Tech Excellence,https://www.meetup.com/techexcellence/events/316851439/,https://www.meetup.com/techexcellence/events/316851439/,100% Verified Real,"You write a spec, hand it to AI, and it gives you back a PR that looks right. But the implementation can be wrong!

In the current tools (Kiro, spec-kit, Tessl), the spec is a Markdown file AI is supposed to follow. But AI can ignore the spec or misread it.

So you end up testing everything by hand,"
🚀Meetup for Entrepreneurs by F4F,"Oct 14, 2026 · 04:00 PM",Alexandria,TBA,Meetup,General Event,Independent,Free,4.0,LOW,⚠️ Clash,general,General Monitoring for potential youth presence,🌍 Frankfurt Meetup | Daily Events!,https://www.meetup.com/frankfurt-english/events/316632966/,https://www.meetup.com/frankfurt-english/events/316632966/,100% Verified Real,"***Founders for Founders* brings you Real conversations for Entrepreneurs building Startups around the world. Every Wednesday.**
*Talk it out, build it better.*

* This is a special FREE weekly event for founders around the world: you can check out [The Founders for Founders Website](https://f4f.vc/"
Mazaher Ensamble (Zar) next Wednesday October 14th 2026,"Wed, 14 Oct, 2026 - 08:00 PM",Giza,"1 Saad Zaghloul - Eldwawen , Cairo, Egypt, 11617",AllEvents,General Event,Independent,Registration / Tickets,4.0,LOW,⚠️ Clash,general,General Monitoring for potential youth presence,AllEvents Organizer,https://allevents.in/cairo/mazaher-ensamble-zar-next-wednesday-october-14th-2026/200030807748857,https://allevents.in/cairo/mazaher-ensamble-zar-next-wednesday-october-14th-2026/200030807748857,100% Verified Real,
PUPO by KOMOCO,"Oct 15, 2026 · 12:00 AM",As Sahah,Gomhoreya Theatre,Eventbrite,General Event,Independent,Paid / Registration,4.0,LOW,Clear,general,General Monitoring for potential youth presence,Eventbrite Organizer,https://www.eventbrite.it/e/pupo-by-komoco-tickets-2002936165990,https://www.eventbrite.it/e/pupo-by-komoco-tickets-2002936165990,100% Verified Real,"Sofia Nappi’s Pupo reimagines Pinocchio through dance, exploring growth, identity, freedom, and the journey from puppet to human."
People From Our Streets,"Thu, 15 Oct, 2026 - 06:00 AM",Giza,"7 gamal el din Abu el mahasen, Garden city , Cairo, Egypt, 11519",AllEvents,General Event,Independent,Registration / Tickets,4.0,LOW,⚠️ Clash,general,General Monitoring for potential youth presence,AllEvents Organizer,https://allevents.in/cairo/people-from-our-streets-ناس-من-شارعنا/200030793270115,https://allevents.in/cairo/people-from-our-streets-ناس-من-شارعنا/200030793270115,100% Verified Real,
4th ENDO ABPC Conference,"Thu, 15 Oct, 2026 - 07:00 AM",Alexandria,"Grand Plaza Hotel, Smouha, Alexandria, Egypt",AllEvents,General Event,Independent,Registration / Tickets,4.0,LOW,⚠️ Clash,general,General Monitoring for potential youth presence,AllEvents Organizer,https://allevents.in/alexandria/4th-endo-abpc-conference/200030417012329,https://allevents.in/alexandria/4th-endo-abpc-conference/200030417012329,100% Verified Real,
26th ESPNT CONFERENCE The Egyptian Society of Pediatric Nephrology & Transplantation,"Thu, 15 Oct, 2026 - 07:00 AM",Alexandria,Jewel Hotel Alexandria,AllEvents,Medical & Clinical Congress,Independent,Registration / Tickets,2.5,LOW,⚠️ Clash,"medical, clinical, b2b",Do Not Deploy (Niche Clinical Target - Incompatible with Youth B2C),AllEvents Organizer,https://allevents.in/alexandria/26th-espnt-conference-the-egyptian-society-of-pediatric-nephrology-and-transplantation/200030013799206,https://allevents.in/alexandria/26th-espnt-conference-the-egyptian-society-of-pediatric-nephrology-and-transplantation/200030013799206,100% Verified Real,
7th Annual Conference of Pharmacy,"Thu, 15 Oct, 2026 - 08:00 AM",Mansoura,Gzert El Ward Club,AllEvents,Medical & Clinical Congress,Independent,Registration / Tickets,2.5,LOW,⚠️ Clash,"medical, clinical, b2b",Do Not Deploy (Niche Clinical Target - Incompatible with Youth B2C),AllEvents Organizer,https://allevents.in/al-mansurah/7th-annual-conference-of-pharmacy/200030469186724,https://allevents.in/al-mansurah/7th-annual-conference-of-pharmacy/200030469186724,100% Verified Real,
18th Annual Dialysis Conference The Cardiometabolic Summit,"Thu, 15 Oct • 08:00 AM",Tanta,"Novotel Cairo Airport (Po Box 8 Cairo Airport, Cairo, Cairo Governorate, Egypt)",AllEvents,Medical & Clinical Congress,Independent,Registration / Tickets,2.5,LOW,⚠️ Clash,"medical, clinical, b2b",Do Not Deploy (Niche Clinical Target - Incompatible with Youth B2C),AllEvents Organizer,https://allevents.in/heliopolis/18th-annual-dialysis-conference-the-cardiometabolic-summit/200030603841151,https://allevents.in/heliopolis/18th-annual-dialysis-conference-the-cardiometabolic-summit/200030603841151,100% Verified Real,
🌍 English Speaking Practice - Professional Host!,"Oct 15, 2026 · 09:00 AM",Alexandria,TBA,Meetup,"Volunteering, SDGs & Cultural Exchange",Independent,Free,7.0,MEDIUM,⚠️ Clash,"culture, volunteering, sdg, exchange",Promote Global Volunteer Projects & SDG Alignment,🌍 Frankfurt Meetup | Daily Events!,https://www.meetup.com/frankfurt-english/events/316706553/,https://www.meetup.com/frankfurt-english/events/316706553/,100% Verified Real,"**Practice English online in a fun, supportive space, for free!**
Get real-time speaking experience, meet new people, and improve fast with guided feedback.
🔑 **What to Expect:**
✅ **Live 1-on-1 Conversations**

* Chat with different partners at your level
* Each round = 3-5 min vocab warmup + 12 mi"
The 17th Port Said Neonatology Society Conference,"Thu, 15 Oct • 09:00 AM",Mansoura,Grand Hotel Port Said -  جراند اوتيل بورسعيد,AllEvents,General Event,Independent,Registration / Tickets,4.0,LOW,⚠️ Clash,general,General Monitoring for potential youth presence,AllEvents Organizer,https://allevents.in/port-said/the-17th-port-said-neonatology-society-conference/200030177262556,https://allevents.in/port-said/the-17th-port-said-neonatology-society-conference/200030177262556,100% Verified Real,
Nile University Innovation & Tech Showcase,"Oct 15, 2026 · 10:00 AM",Giza,"Nile University Campus, Sheikh Zayed",Egypt Flagship Summits,Flagship Summits,Independent,Free / RSVP Online,9.2,HIGH,⚠️ Clash,"campus, students, youth, education",Source top-tier engineering and AI talent for outbound Global Talent corporate internships in Europe and Asia.,Nile University Innovation & Entrepreneurship Center,https://nu.edu.eg/,https://nu.edu.eg/,100% Verified Real,"Annual innovation, robotics, and tech startup showcase at Egypt's premier research university. Features 50+ student graduation projects, deep-tech prototypes, and AI solutions presented to tech venture capital funds. Venue Details: Nile University Campus, Juhayna Square, Sheikh Zayed, Giza. Admission: Free RSVP open to students and tech professionals. B2C Tactical Opportunity: Recruit high-skill tech undergraduates for Global Talent IT internships abroad."
"Oct 15 - AI, ML, and Computer Vision Meetup","Oct 15, 2026 · 04:00 PM",New Cairo,TBA,Meetup,General Event,Independent,Free,4.0,LOW,⚠️ Clash,general,General Monitoring for potential youth presence,"München AI, Machine Learning and Computer Vision Meetup",https://www.meetup.com/munchen-ai-machine-learning-and-computer-vision-meetup/events/316572394/,https://www.meetup.com/munchen-ai-machine-learning-and-computer-vision-meetup/events/316572394/,100% Verified Real,"Join our virtual meetup to hear talks from experts on cutting-edge topics across AI, ML, and computer vision. **Time, Place and Location** Oct 15, 2026
9:00 AM - 11:00 AM PST
Online. **[Register for the Zoom!](https://voxel51.com/events/ai-ml-and-computer-vision-meetup-october-15-2026)** **Testin"
Umar Ryad - Al-Azhar in the 20th Century Reform Religious Authority and Global Mission,"Thu, 15 Oct, 2026 - 06:30 PM",Giza,NVIC - Netherlands-Flemish Institute in Cairo,AllEvents,Campus & Student Activities,Independent,Registration / Tickets,7.8,MEDIUM,⚠️ Clash,"campus, students, youth, education",Campus Outreach: Engage Student Attendees & Student Union Partners,AllEvents Organizer,https://allevents.in/cairo/umar-ryad-al-azhar-in-the-20th-century-reform-religious-authority-and-global-mission/200030703137220,https://allevents.in/cairo/umar-ryad-al-azhar-in-the-20th-century-reform-religious-authority-and-global-mission/200030703137220,100% Verified Real,
بيت السناري,"Thu, 15 Oct, 2026 - 08:00 PM",Giza,"Giza, Egypt",AllEvents,General Event,Independent,Registration / Tickets,4.0,LOW,⚠️ Clash,general,General Monitoring for potential youth presence,AllEvents Organizer,https://allevents.in/cairo/حفل-مجاني-ميكروفون-21/200030783625739,https://allevents.in/cairo/حفل-مجاني-ميكروفون-21/200030783625739,100% Verified Real,
Happiness Therapy,Oct 15 · 08:00 PM,Giza,Cairo Jazz Club 610,TicketsMarche,General Event,Independent,Free / Paid Tickets,4.0,LOW,⚠️ Clash,general,General Monitoring for potential youth presence,Cairo Jazz Club,https://www.ticketsmarche.com/event/9570,https://www.ticketsmarche.com/event/9570,100% Verified Real,Happiness Therapy organized by Cairo Jazz Club. Tickets available on TicketsMarche (Free / Paid Tickets). Venue: Cairo Jazz Club 610.
I Want A Pet Dinosaur X Teatro 90,"Oct 15 ,16",Cairo,Teatro 90,TicketsMarche,General Event,Independent,Free / Paid Tickets,4.0,LOW,⚠️ Clash,general,General Monitoring for potential youth presence,Teatro 90 multiday,https://www.ticketsmarche.com/event/i_want-dinosaur_9488,https://www.ticketsmarche.com/event/i_want-dinosaur_9488,100% Verified Real,I Want A Pet Dinosaur X Teatro 90 organized by Teatro 90 multiday. Tickets available on TicketsMarche (Free / Paid Tickets). Venue: Teatro 90.
Full-Arch Excellence Summit with Prof. Tohme and Prof. Amr Webinar,"Oct 16, 2026 · 12:00 AM",Cairo,InterContinental Citystars Cairo by IHG,Eventbrite,Flagship Summits,Independent,Paid / Registration,9.8,HIGH,⚠️ Clash,"summit, flagship, youth, leadership","Major National Activation: Deploy Chapter Delegation, Booth Presence & Global Volunteer Recruitment",Eventbrite Organizer,https://www.eventbrite.com/e/full-arch-excellence-summit-with-prof-tohme-and-prof-amr-webinar-tickets-2000653781316,https://www.eventbrite.com/e/full-arch-excellence-summit-with-prof-tohme-and-prof-amr-webinar-tickets-2000653781316,100% Verified Real,Overcoming full-arch digital workflow limits with T-Marker™ & ioConnect™ for precise data capture & implant transfer
Ras Sedr camp - Two days trip in Sinai 💦,"Oct 16, 2026 · 04:00 AM",Giza,Tahrir Square,Meetup,General Event,Independent,Free,4.0,LOW,⚠️ Clash,general,General Monitoring for potential youth presence,Green Camp Egypt 🇪🇬,https://www.meetup.com/greencampegypt/events/316633270/,https://www.meetup.com/greencampegypt/events/316633270/,100% Verified Real,"**Enjoy a full sea camping experience two hours from the city. 🌄**
What could be better than having a great weekend two days trip adventure with different group activities?👌💯Ladies and gentlemen, get ready for:
✨**Ras Sudr overnight sea camping**🤩✨
**The trip includes:**
✅ Camping on the sea, sky, n"
Qahwa 5A 5th settlement,"Oct 16, 2026 · 04:30 AM",Cairo,Qahwa 5A,Meetup,General Event,Independent,Free,4.0,LOW,⚠️ Clash,general,General Monitoring for potential youth presence,Qahwa Coffee Meetup Group,https://www.meetup.com/qahwa-coffee-meetup-group/events/316720159/,https://www.meetup.com/qahwa-coffee-meetup-group/events/316720159/,100% Verified Real,"A casual weekend meetup for good coffee, breakfast, and great conversations! ☕️🥐
Every weekend, we’ll meet at Qahwa 5A, New Cairo to enjoy a relaxed morning, have some coffee and breakfast, and meet new people.

No special requirements—just come with a good mood, an open mind, and a willingness to m"
6th ICODA Azhar Assiut Orthopedics,"Fri, 16 Oct, 2026 - 09:00 AM",Assiut,Stella Makadi Gardens,AllEvents,Campus & Student Activities,Independent,Registration / Tickets,7.8,MEDIUM,⚠️ Clash,"campus, students, youth, education",Campus Outreach: Engage Student Attendees & Student Union Partners,AllEvents Organizer,https://allevents.in/hurghada/6th-icoda-azhar-assiut-orthopedics/200030305374305,https://allevents.in/hurghada/6th-icoda-azhar-assiut-orthopedics/200030305374305,100% Verified Real,
GEM Family Weekend,October 16th & 17th · from  11 am to 8 pm,Giza,Grand Egyptian Museum,TicketsMarche,General Event,Independent,Free / Paid Tickets,4.0,LOW,⚠️ Clash,general,General Monitoring for potential youth presence,Legacy Development and Management,https://www.ticketsmarche.com/event/GEM_Family_Weekend_9478,https://www.ticketsmarche.com/event/GEM_Family_Weekend_9478,100% Verified Real,GEM Family Weekend organized by Legacy Development and Management. Tickets available on TicketsMarche (Free / Paid Tickets). Venue: Grand Egyptian Museum.
Odoemy26 The Launch,"Fri, 16 Oct, 2026 - 10:00 AM",Giza,أكاديمية الأميرة فاطمة للتدريب الطبي,AllEvents,General Event,Independent,Registration / Tickets,4.0,LOW,⚠️ Clash,general,General Monitoring for potential youth presence,AllEvents Organizer,https://allevents.in/cairo/odoemy26-the-launch/200030766337442,https://allevents.in/cairo/odoemy26-the-launch/200030766337442,100% Verified Real,
Magdy,"Fri, 16 Oct, 2026 - 10:00 AM",Alexandria,"Egypt, Alexandria, Alexandria Governorate, Egypt",AllEvents,General Event,Independent,Registration / Tickets,4.0,LOW,⚠️ Clash,general,General Monitoring for potential youth presence,AllEvents Organizer,https://allevents.in/alexandria/magdy/200030750944949,https://allevents.in/alexandria/magdy/200030750944949,100% Verified Real,
Chromatic Healing level 2,"Fri, 16 Oct • 05:00 PM",Cairo,Blue Lotus Wellbeing,AllEvents,General Event,Independent,Registration / Tickets,4.0,LOW,⚠️ Clash,general,General Monitoring for potential youth presence,AllEvents Organizer,https://allevents.in/heliopolis/chromatic-healing-level-2/200030583735256,https://allevents.in/heliopolis/chromatic-healing-level-2/200030583735256,100% Verified Real,
T Brn Orm,"Fri, 16 Oct, 2026 - 07:00 PM",Alexandria,"298 Port Said Street, Cleopatra, Alexandria, Egypt, 33612",AllEvents,General Event,Independent,Registration / Tickets,4.0,LOW,⚠️ Clash,general,General Monitoring for potential youth presence,AllEvents Organizer,https://allevents.in/alexandria/tá-brón-orm-عرض-أدائي/200030799964842,https://allevents.in/alexandria/tá-brón-orm-عرض-أدائي/200030799964842,100% Verified Real,
Mawlana Band at Room Garden city,"Fri, 16 Oct, 2026 - 08:00 PM",Giza,ROOM Art Space & Cafe,AllEvents,General Event,Independent,Registration / Tickets,4.0,LOW,⚠️ Clash,general,General Monitoring for potential youth presence,AllEvents Organizer,https://allevents.in/cairo/mawlana-band-at-room-garden-city/200030769947005,https://allevents.in/cairo/mawlana-band-at-room-garden-city/200030769947005,100% Verified Real,
The Egypt Coffee Festival 2026,"Oct 16, 17",Cairo,"Kamelizer Spaces, District 5",TicketsMarche,General Event,Independent,350.00 EGP,4.0,LOW,⚠️ Clash,general,General Monitoring for potential youth presence,Kamelizer sspaces,https://www.ticketsmarche.com/event/The_Egypt_Coffee_Festival_2026_9398,https://www.ticketsmarche.com/event/The_Egypt_Coffee_Festival_2026_9398,100% Verified Real,"The Egypt Coffee Festival 2026 organized by Kamelizer sspaces. Tickets available on TicketsMarche (350.00 EGP). Venue: Kamelizer Spaces, District 5."
Tul8te Live at Manara Arena,Oct 16 · 05:00 PM,Cairo,Al Manara Arena,TicketsMarche,General Event,Independent,1000.00 EGP,4.0,LOW,⚠️ Clash,general,General Monitoring for potential youth presence,Urchin Experiences,https://www.ticketsmarche.com/event/Tul8te_9353,https://www.ticketsmarche.com/event/Tul8te_9353,100% Verified Real,Tul8te Live at Manara Arena organized by Urchin Experiences. Tickets available on TicketsMarche (1000.00 EGP). Venue: Al Manara Arena.
Omar Khairat at Fustat Festival,Oct 16 · 10:00 PM,Cairo,Fustat,TicketsMarche,General Event,Independent,1100.00 EGP,4.0,LOW,⚠️ Clash,general,General Monitoring for potential youth presence,Waleed Mansour,https://www.ticketsmarche.com/event/omar_khairat_9481,https://www.ticketsmarche.com/event/omar_khairat_9481,100% Verified Real,Omar Khairat at Fustat Festival organized by Waleed Mansour. Tickets available on TicketsMarche (1100.00 EGP). Venue: Fustat.
Cairo Startup Idea Feedback: How to Validate Your Ideas & Networking Event,"Oct 17, 2026 · 12:00 AM",Cairo,Sign-up to find out,Eventbrite,Youth Leadership & Skills Workshops,Independent,Paid / Registration,6.8,MEDIUM,⚠️ Clash,"workshop, training, skills",Workshop Attendee Outreach & Digital Flyer Drops,Eventbrite Organizer,https://www.eventbrite.com/e/cairo-startup-idea-feedback-how-to-validate-your-ideas-networking-event-tickets-2003005770178,https://www.eventbrite.com/e/cairo-startup-idea-feedback-how-to-validate-your-ideas-networking-event-tickets-2003005770178,100% Verified Real,"In just three hours, this event will help you improve your idea, come up with new ideas, determine the next steps, and even recruit potential co-founders. This intensive, collaborative workshop begins with talks by leading startup founders designed to teach you the components of good and bad startup"
PACES LIVE- Communications & Consultation  Course,"Sat, 17 Oct, 2026 - 09:00 AM",Giza,"Cairo, Egypt",AllEvents,Youth Leadership & Skills Workshops,Independent,Registration / Tickets,7.5,MEDIUM,⚠️ Clash,"workshop, skills, leadership, development","Speaker Outreach, Workshop Co-hosting & Youth Leadership Presentation",AllEvents Organizer,https://allevents.in/cairo/paces-live-communications-and-consultation-course/200030425289044,https://allevents.in/cairo/paces-live-communications-and-consultation-course/200030425289044,100% Verified Real,
BIODIESEL PRODUCTION TRAINING  EGYPT 2026,"Sat, 17 Oct • 09:00 AM",Giza,"Greek campus 171 tahrir st., Cairo, Egypt, 11855",AllEvents,B2B & Industrial Trade Expo,Independent,Registration / Tickets,3.0,LOW,⚠️ Clash,"trade_expo, b2b, industry",Low Priority B2C / Evaluate solely for B2B Corporate Sponsorship,AllEvents Organizer,https://allevents.in/cairo/biodiesel-production-training-egypt-2026/200030723108408,https://allevents.in/cairo/biodiesel-production-training-egypt-2026/200030723108408,100% Verified Real,
Biodiesel Production Training Program 2026 Rounds,"Sat, 17 Oct, 2026 - 09:00 AM",Giza,"Greek campus 171 tahrir st., Cairo, Egypt, 11855",AllEvents,B2B & Industrial Trade Expo,Independent,Registration / Tickets,3.0,LOW,⚠️ Clash,"trade_expo, b2b, industry",Low Priority B2C / Evaluate solely for B2B Corporate Sponsorship,AllEvents Organizer,https://allevents.in/cairo/biodiesel-production-training-program-2026-rounds/200030798987446,https://allevents.in/cairo/biodiesel-production-training-program-2026-rounds/200030798987446,100% Verified Real,
Cairo International Youth Language & Cultural Exchange Night,"Oct 17, 2026 · 07:30 PM",Cairo,"Zamalek Youth Cultural Lounge, 26th of July Corridor, Zamalek, Cairo",Facebook Events,Campus & Student Activities,Independent,Free Admission / Open to All Youth,7.8,MEDIUM,⚠️ Clash,"campus, students, youth, education",Campus Outreach: Engage Student Attendees & Student Union Partners,Make Friends Cairo Youth Community (@cairomakefriends),https://www.facebook.com/groups/cairomakefriends,https://www.facebook.com/groups/cairomakefriends,100% Verified Real,"The most active youth and international student cultural exchange gathering in Greater Cairo. Convenes university students, foreign exchange delegates, language learners, and young professionals for cross-cultural dialogues and networking in Zamalek."
"Cairo, Egypt","Sat, 17 Oct, 2026 - 01:00 PM",Cairo,"Cairo, Egypt",AllEvents,General Event,Independent,Registration / Tickets,4.0,LOW,⚠️ Clash,general,General Monitoring for potential youth presence,AllEvents Organizer,https://allevents.in/cairo/《ما-وراء-المشربيات》-حكايات-من-بيوت-القاهرة-ورحاب-الجامع-الأزهر-السبت-17-أكتوبر-مع-سراديب/200030709292158,https://allevents.in/cairo/《ما-وراء-المشربيات》-حكايات-من-بيوت-القاهرة-ورحاب-الجامع-الأزهر-السبت-17-أكتوبر-مع-سراديب/200030709292158,100% Verified Real,
Konnect Summit,Oct 17 · 10:00 AM,Cairo,The Greek Campus,TicketsMarche,Flagship Summits,Independent,200.00 EGP,9.8,HIGH,⚠️ Clash,"summit, flagship, youth, leadership","Major National Activation: Deploy Chapter Delegation, Booth Presence & Global Volunteer Recruitment",KARIRS,https://www.ticketsmarche.com/event/Konnect_Summit_9094,https://www.ticketsmarche.com/event/Konnect_Summit_9094,100% Verified Real,Konnect Summit organized by KARIRS. Tickets available on TicketsMarche (200.00 EGP). Venue: The Greek Campus.
STEPS SUMMIT,Oct 17 · 11:30 AM,Cairo,SODIC Sports Club at SODIC East,TicketsMarche,Flagship Summits,Independent,1000.00 EGP,9.8,HIGH,⚠️ Clash,"summit, flagship, youth, leadership","Major National Activation: Deploy Chapter Delegation, Booth Presence & Global Volunteer Recruitment",AHC Advertising  Agency,https://www.ticketsmarche.com/event/steps-summit_9287,https://www.ticketsmarche.com/event/steps-summit_9287,100% Verified Real,STEPS SUMMIT organized by AHC Advertising  Agency. Tickets available on TicketsMarche (1000.00 EGP). Venue: SODIC Sports Club at SODIC East.
Al Gomhour Yoghani,Oct 17 · 08:00 PM,Giza,Theatro Arkan,TicketsMarche,General Event,Independent,500.00 EGP,4.0,LOW,⚠️ Clash,general,General Monitoring for potential youth presence,Ak media,https://www.ticketsmarche.com/event/Al_gomhour_yoghanu_9426,https://www.ticketsmarche.com/event/Al_gomhour_yoghanu_9426,100% Verified Real,Al Gomhour Yoghani organized by Ak media. Tickets available on TicketsMarche (500.00 EGP). Venue: Theatro Arkan.
Amr Selim x Teatro 90,Oct 17 · 08:00 PM,Cairo,Teatro 90,TicketsMarche,General Event,Independent,700.00 EGP,4.0,LOW,⚠️ Clash,general,General Monitoring for potential youth presence,Teatro 90 x Fada Arts,https://www.ticketsmarche.com/event/amr-selim_9436,https://www.ticketsmarche.com/event/amr-selim_9436,100% Verified Real,Amr Selim x Teatro 90 organized by Teatro 90 x Fada Arts. Tickets available on TicketsMarche (700.00 EGP). Venue: Teatro 90.
Egypt Career Summit (ECS) Fall Edition,"Oct 18 - 19, 2026 · 09:00 AM",Cairo,"The Greek Campus, Downtown",Egypt Flagship Summits,Flagship Summits,Independent,Free / Registration Required,9.8,HIGH,⚠️ Clash,"summit, flagship, youth, leadership",Direct candidate acquisition hotspot for Global Talent & Global Teacher exchange products.,Career Summit Egypt,https://egyptcareersummit.com/,https://egyptcareersummit.com/,100% Verified Real,"Egypt's largest career preparation and recruitment summit specifically designed for university students and recent graduates. Convenes 25,000+ ambitious attendees and 80+ top-tier corporate employers across tech, banking, FMCG, and telecommunications. Target Audience: Final-year students and fresh graduates from all Egyptian universities (Public, Private, and National). Venue Details: The Greek Campus (The Factory Hall, Library Stage, and Main Courtyard), 28 Falaki Street, Downtown Cairo. Activities: 60+ career readiness workshops, live mock interviews, 1-on-1 resume reviews with corporate HR directors, and on-ground hiring. Admission: Free of charge with mandatory prior registration and verified QR pass. B2C Tactical Opportunity: Direct candidate acquisition hotspot for Global Talent (paid professional internships) and Global Teacher exchange products."
10 Days Sun Festival Egypt Tour Package  Cairo Abu Simbel & 3 Nights Nile Cruise,"Sun, 18 Oct, 2026 - 12:00 PM",Giza,"Sherif street, Cairo, Egypt, 11211",AllEvents,General Event,Independent,Registration / Tickets,4.0,LOW,⚠️ Clash,general,General Monitoring for potential youth presence,AllEvents Organizer,https://allevents.in/cairo/10-days-sun-festival-egypt-tour-package-cairo-abu-simbel-and-3-nights-nile-cruise/200030430642854,https://allevents.in/cairo/10-days-sun-festival-egypt-tour-package-cairo-abu-simbel-and-3-nights-nile-cruise/200030430642854,100% Verified Real,
Creativa Innovation Hub Tanta — Delta Youth AI & Startup Hackathon,"Oct 18, 2026 · 09:30 AM",Tanta,"Creativa Innovation Hub, Tanta University Medical Campus Road, Tanta",Facebook Events,Flagship Summits,Independent,Free Student & Developer Pass,9.8,HIGH,⚠️ Clash,"summit, flagship, youth, leadership","Major National Activation: Deploy Chapter Delegation, Booth Presence & Global Volunteer Recruitment",Creativa Innovation Hub Tanta & TIEC,https://creativa.gov.eg/,https://www.facebook.com/CreativaHubTanta,100% Verified Real,"48-hour ideathon and AI software hackathon hosted at Creativa Innovation Hub Tanta for undergraduate students across Gharbia and the Delta. Features mentorship from TIEC engineers, startup pitch training, and cash prizes for student teams."
Entrepreneurship & Startup Challenges in Egypt | Roundtable,"Oct 19, 2026 · 12:00 AM",Cairo,El Adl Party,Eventbrite,Youth Leadership & Skills Workshops,Independent,Paid / Registration,7.5,MEDIUM,⚠️ Clash,"workshop, skills, leadership, development","Speaker Outreach, Workshop Co-hosting & Youth Leadership Presentation",Eventbrite Organizer,https://www.eventbrite.com/e/entrepreneurship-startup-challenges-in-egypt-roundtable-tickets-2003134714855,https://www.eventbrite.com/e/entrepreneurship-startup-challenges-in-egypt-roundtable-tickets-2003134714855,100% Verified Real,Join a relaxed roundtable to swap ideas on the opportunities and challenges facing entrepreneurs and startups in Egypt.
The Art of Noticing: A Somatic & Creative Collage Workshop,"Oct 19, 2026 · 04:30 PM",Alexandria,TBA,Meetup,Youth Leadership & Skills Workshops,Independent,Free,7.5,MEDIUM,⚠️ Clash,"workshop, skills, leadership, development","Speaker Outreach, Workshop Co-hosting & Youth Leadership Presentation",The Somatic Creative Group,https://www.meetup.com/somatic-creative-group/events/316738370/,https://www.meetup.com/somatic-creative-group/events/316738370/,100% Verified Real,"What happens when we create from what we notice, rather than from an idea of what we should make?
In this online workshop, we'll create an intuitive collage inspired by our own bodies, surroundings and everyday observations.

Before we start creating, we'll explore two simple practices that will bec"
Luxor and Aswan 5 days trip,"Oct 19, 2026 · 08:00 PM",Cairo,Tahrir Square,Meetup,General Event,Independent,Free,4.0,LOW,⚠️ Clash,general,General Monitoring for potential youth presence,Green Camp Egypt 🇪🇬,https://www.meetup.com/greencampegypt/events/316044829/,https://www.meetup.com/greencampegypt/events/316044829/,100% Verified Real,"✨Upper Egypt 5 Days Adventure Luxor & Aswan Discovery ✨ ֍֍֍֍֍֍֍֍֍֍֍֍֍֍֍֍ ♥️ Join us for a 5 Days / 4 Nights in one of the most beautiful insights in Egypt 🇪🇬 🔥 Days filled with sunshine, vibes, and memories under the stars ֍֍֍֍֍֍֍֍֍֍֍֍֍֍֍֍ ⚡*The offer price 13500 EGP* Including 🔥 (16000EGP fo"
Ain Shams University Annual Employment & Career Fair,"Oct 20 - 21, 2026 · 09:00 AM",Cairo,"Ain Shams Faculty of Engineering, Abbassia",Egypt Flagship Summits,Flagship Summits,Student Union,Free for Students & Graduates,9.2,HIGH,⚠️ Clash,"career, job fair, student, cv, internship","High-priority activation for Ain Shams campus: Deploy campus booth, CV clinic, and Global Volunteer recruitment drive.",Ain Shams University Career Center (ASU ASAP),https://eng.asu.edu.eg/,https://eng.asu.edu.eg/,100% Verified Real,"One of Egypt's largest public university employment fairs, organized by Ain Shams Career Center (ASU ASAP). Welcomes 15,000+ undergraduates and recent graduates across Engineering, Computer Science, Commerce, and Languages. Features 70+ local and multinational employers conducting on-site screening interviews and internship selection. Venue Details: Ain Shams University Faculty of Engineering Main Campus, 1 El-Sarayat St, Abbassia, Cairo. Admission: Free with university ID or graduate certificate. B2C Tactical Opportunity: Core recruitment ground for Ain Shams campus team: Deploy large booth in central campus quad."
China Trade Expo Egypt (CTEE),"Tue, 20 Oct, 2026 - 10:00 AM",Giza,Cairo International Convention Centre,AllEvents,B2B & Industrial Trade Expo,Independent,Free,3.0,LOW,⚠️ Clash,"trade_expo, b2b, industry",Low Priority B2C / Evaluate solely for B2B Corporate Sponsorship,AllEvents Organizer,https://allevents.in/cairo/china-trade-expo-egypt-ctee-tickets/80002157038620,https://allevents.in/cairo/china-trade-expo-egypt-ctee-tickets/80002157038620,100% Verified Real,
Cairo Toastmasters Meeting - Develop your public speaking in Tagamo3!,"Oct 20, 2026 · 04:00 PM",New Cairo,Espaces,Meetup,Student Orgs & Campus Leadership,Toastmasters,Free,8.0,MEDIUM,⚠️ Clash,"Toastmasters, student, campus, youth, leadership",Partner Outreach with Toastmasters: Joint Activation / PR Collaboration,Cairo Toastmasters - Improve your Public Speaking!,https://www.meetup.com/cairotmclub/events/316705095/,https://www.meetup.com/cairotmclub/events/316705095/,100% Verified Real,"Do you want to kick your public speaking skills up a couple of notches?

Join Cairo Toastmasters and practice public speaking with professional speakers from all over the world to ace your next presentation.

Please join our whatsapp group to receive the invitation and meeting details.

https://chat"
Comedy Night with Jimmy & Friends,Oct 20 · 09:00 PM,Giza,Cairo Jazz Club 610,TicketsMarche,Social & Entertainment,Independent,400.00 EGP,2.8,LOW,⚠️ Clash,"entertainment, social, leisure",General Monitoring (Social / Leisure),Cairo Jazz,https://www.ticketsmarche.com/event/Jimmy-Special_9549,https://www.ticketsmarche.com/event/Jimmy-Special_9549,100% Verified Real,Comedy Night with Jimmy & Friends organized by Cairo Jazz. Tickets available on TicketsMarche (400.00 EGP). Venue: Cairo Jazz Club 610.
Exclusive Event in Cairo with Dean of IE School of Architecture and Design,"Oct 21, 2026 · 12:00 AM",New Cairo,Voco Cairo Arabella Plaza,Eventbrite,General Event,Independent,Paid / Registration,4.0,LOW,⚠️ Clash,general,General Monitoring for potential youth presence,Eventbrite Organizer,https://www.eventbrite.com/e/exclusive-event-in-cairo-with-dean-of-ie-school-of-architecture-and-design-tickets-2002944368524,https://www.eventbrite.com/e/exclusive-event-in-cairo-with-dean-of-ie-school-of-architecture-and-design-tickets-2002944368524,100% Verified Real,Join us for a Face to Face Event
1st Pediatrics International Congress 2026,"Wed, 21 Oct, 2026 - 07:00 AM",Giza,Gewan Hotel Cairo,AllEvents,Medical & Clinical Congress,Independent,Registration / Tickets,2.5,LOW,⚠️ Clash,"medical, clinical, b2b",Do Not Deploy (Niche Clinical Target - Incompatible with Youth B2C),AllEvents Organizer,https://allevents.in/cairo/1st-pediatrics-international-congress/200030533197149,https://allevents.in/cairo/1st-pediatrics-international-congress/200030533197149,100% Verified Real,
BUE Youth Executive Leadership & Entrepreneurship Forum,"Oct 21, 2026 · 01:00 PM",Cairo,"BUE The British University in Egypt, El Shorouk City, Cairo",Facebook Events,University Conferences & Academic Forums,Student Union,Registration Required / Certificate of Completion,8.7,HIGH,⚠️ Clash,"university, academic, conference, campus, youth","Major Campus Activation: Deploy Chapter Delegation, Booth Presence & Recruit University Students",The British University in Egypt (BUE) Student Union & Business Faculty,https://www.bue.edu.eg/,https://www.facebook.com/thebritishuniversityinegypt,100% Verified Real,"Interactive youth executive leadership and entrepreneurship forum hosted at BUE campus in El Shorouk. Designed for business, law, engineering, and economics undergraduates seeking executive decision-making frameworks, startup incubation, and international career readiness."
Inspire Toastmasters Club Meeting,"Oct 21, 2026 · 04:00 PM",Cairo,"MQR, The Greek Compus",Meetup,Student Orgs & Campus Leadership,Toastmasters,Free,8.0,MEDIUM,⚠️ Clash,"Toastmasters, student, campus, youth, leadership",Partner Outreach with Toastmasters: Joint Activation / PR Collaboration,Cairo Toastmasters - Improve your Public Speaking!,https://www.meetup.com/cairotmclub/events/316296321/,https://www.meetup.com/cairotmclub/events/316296321/,100% Verified Real,"Do you want to kick your public speaking skills up a couple of notches?

Join Inspire Toastmasters Club and practice public speaking with professional speakers from all over the world to ace your next presentation.

What's Inspire Toastmasters Club?

A Toastmasters Club meeting is a learn-by-doing e"
ARCE Lecture The Desert as Hinterland by Dr. Mohamed Osman,"Wed, 21 Oct, 2026 - 06:00 PM",Giza,"2 Midan Simón Bolívar، Qasr El Nil, Cairo, Egypt",AllEvents,General Event,Independent,Registration / Tickets,4.0,LOW,⚠️ Clash,general,General Monitoring for potential youth presence,AllEvents Organizer,https://allevents.in/cairo/arce-lecture-the-desert-as-hinterland-by-dr-mohamed-osman/200030792457313,https://allevents.in/cairo/arce-lecture-the-desert-as-hinterland-by-dr-mohamed-osman/200030792457313,100% Verified Real,
3x1  _ _,"Wed, 21 Oct, 2026 - 10:00 PM",Giza,"القاهره, ‏القاهرة‏، ‏محافظة القاهرة‏، ‏مصر‏",AllEvents,General Event,Independent,Registration / Tickets,4.0,LOW,⚠️ Clash,general,General Monitoring for potential youth presence,AllEvents Organizer,https://allevents.in/cairo/رحله-العمر-3x1-الاقصر-_اسوان-_-النوبه/200030751912130,https://allevents.in/cairo/رحله-العمر-3x1-الاقصر-_اسوان-_-النوبه/200030751912130,100% Verified Real,
The Cairo & Luxor Experience,"Wed, 21 Oct, 2026 - 10:00 PM",Giza,"Cairo, Egypt",AllEvents,General Event,Independent,Registration / Tickets,4.0,LOW,⚠️ Clash,general,General Monitoring for potential youth presence,AllEvents Organizer,https://allevents.in/cairo/the-cairo-and-luxor-experience/200030448720434,https://allevents.in/cairo/the-cairo-and-luxor-experience/200030448720434,100% Verified Real,
Egyptian Resuscitation council silver jubilee conference,"Thu, 22 Oct, 2026 - 09:00 AM",Giza,Dar ElDefaa,AllEvents,Medical & Clinical Congress,Independent,Registration / Tickets,2.5,LOW,⚠️ Clash,"medical, clinical, b2b",Do Not Deploy (Niche Clinical Target - Incompatible with Youth B2C),AllEvents Organizer,https://allevents.in/cairo/egyptian-resuscitation-council-silver-jubilee-conference/200030453937305,https://allevents.in/cairo/egyptian-resuscitation-council-silver-jubilee-conference/200030453937305,100% Verified Real,
Teseenaty Band x Teatro 90,Oct 22 · 08:00 PM,Cairo,Teatro 90,TicketsMarche,General Event,Independent,450.00 EGP,4.0,LOW,⚠️ Clash,general,General Monitoring for potential youth presence,Teatro 90 x Fada Arts,https://www.ticketsmarche.com/event/TeseenatyBand_x_Teatro90_9514,https://www.ticketsmarche.com/event/TeseenatyBand_x_Teatro90_9514,100% Verified Real,Teseenaty Band x Teatro 90 organized by Teatro 90 x Fada Arts. Tickets available on TicketsMarche (450.00 EGP). Venue: Teatro 90.
"Cairo, Egypt","Fri, 23 Oct, 2026 - 06:30 AM",Cairo,"Cairo, Egypt",AllEvents,General Event,Independent,Registration / Tickets,4.0,LOW,⚠️ Clash,general,General Monitoring for potential youth presence,AllEvents Organizer,https://allevents.in/cairo/رحلات_الخريف-رحلة-لمعالم-مدينة-السويس-وبور-توفيق-وأكلة-سمك،-الجمعة-23-أكتوبر-مع-سراديب/200030737795915,https://allevents.in/cairo/رحلات_الخريف-رحلة-لمعالم-مدينة-السويس-وبور-توفيق-وأكلة-سمك،-الجمعة-23-أكتوبر-مع-سراديب/200030737795915,100% Verified Real,
"Alexandria, Egypt","Fri, 23 Oct, 2026 - 03:00 PM",Alexandria,"Alexandria, Egypt",AllEvents,General Event,Independent,Registration / Tickets,4.0,LOW,⚠️ Clash,general,General Monitoring for potential youth presence,AllEvents Organizer,https://allevents.in/alexandria/نادي-سينما-الجزويت-أسبوع-الأفلام-اليابانية-2026/200030799925015,https://allevents.in/alexandria/نادي-سينما-الجزويت-أسبوع-الأفلام-اليابانية-2026/200030799925015,100% Verified Real,
Dark Noise II at Room Garden city,"Fri, 23 Oct, 2026 - 06:30 PM",Giza,ROOM Art Space & Cafe,AllEvents,General Event,Independent,Registration / Tickets,4.0,LOW,⚠️ Clash,general,General Monitoring for potential youth presence,AllEvents Organizer,https://allevents.in/cairo/dark-noise-ii-at-room-garden-city/200030782960508,https://allevents.in/cairo/dark-noise-ii-at-room-garden-city/200030782960508,100% Verified Real,
TRT STANCE CAR SHOW,Oct 23 · 02:00 PM,Cairo,Al-Fustat Park,TicketsMarche,General Event,Independent,325.00 EGP,4.0,LOW,⚠️ Clash,general,General Monitoring for potential youth presence,TRT.eg,https://www.ticketsmarche.com/event/TRT_9539,https://www.ticketsmarche.com/event/TRT_9539,100% Verified Real,TRT STANCE CAR SHOW organized by TRT.eg. Tickets available on TicketsMarche (325.00 EGP). Venue: Al-Fustat Park.
Playcrowd: Vol.02 at Teatro 90,Oct 23 · 08:00 PM,Cairo,Teatro 90,TicketsMarche,General Event,Independent,600.00 EGP,4.0,LOW,⚠️ Clash,general,General Monitoring for potential youth presence,Teatro 90,https://www.ticketsmarche.com/event/playcrowd_9473,https://www.ticketsmarche.com/event/playcrowd_9473,100% Verified Real,Playcrowd: Vol.02 at Teatro 90 organized by Teatro 90. Tickets available on TicketsMarche (600.00 EGP). Venue: Teatro 90.
Fouad & Mounib,Oct 23 · 08:30 PM,Cairo,"Ewart Memorial Hall, AUC Tahrir Square",TicketsMarche,General Event,Independent,350.00 EGP,4.0,LOW,⚠️ Clash,general,General Monitoring for potential youth presence,RMC,https://www.ticketsmarche.com/event/Fouad-Mounib_9461,https://www.ticketsmarche.com/event/Fouad-Mounib_9461,100% Verified Real,"Fouad & Mounib organized by RMC. Tickets available on TicketsMarche (350.00 EGP). Venue: Ewart Memorial Hall, AUC Tahrir Square."
Understanding Isn’t Enough: Learn to Respond Differently to Familiar Patterns,"Oct 24, 2026 · 08:30 AM",Alexandria,TBA,Meetup,General Event,Independent,Free,4.0,LOW,⚠️ Clash,general,General Monitoring for potential youth presence,Self-Discovery & Personal Growth with Dr. Beatriz Melim,https://www.meetup.com/self-discovery-personal-growth-with-dr-beatriz-melim/events/316608379/,https://www.meetup.com/self-discovery-personal-growth-with-dr-beatriz-melim/events/316608379/,100% Verified Real,"Have you ever thought, “I know why I do this, so why does it still happen?”

Perhaps you recognise one of these situations:

• You have something to contribute in a meeting, but your chest tightens and you stay quiet.
• You want to say no, but guilt takes over and you agree to something you don’t ha"
9th Egyptian Pharmacists Conference & Middle East (EPC),"Sat, 24 Oct • 09:00 AM",Tanta,Triumph Plaza Hotel,AllEvents,Medical & Clinical Congress,Independent,Registration / Tickets,2.5,LOW,⚠️ Clash,"medical, clinical, b2b",Do Not Deploy (Niche Clinical Target - Incompatible with Youth B2C),AllEvents Organizer,https://allevents.in/heliopolis/9th-egyptian-pharmacists-conference-and-middle-east-epc/200030666753223,https://allevents.in/heliopolis/9th-egyptian-pharmacists-conference-and-middle-east-epc/200030666753223,100% Verified Real,
Delta Youth Innovation & Tech Forum (Tanta University),"Oct 24 - 25, 2026 · 10:00 AM",Tanta,Tanta University Convention Center,Egypt Flagship Summits,Flagship Summits,Independent,Free for Students,9.8,HIGH,⚠️ Clash,"summit, flagship, youth, leadership","HOME TURF PRIORITY for Tanta Campus Team: Secure keynote speech, physical booth, and mass recruitment drive.",Tanta University & Delta Student Union,https://tanta.edu.eg/,https://tanta.edu.eg/,100% Verified Real,"The central student and youth leadership summit of the Gharbia and Delta region, co-organized with regional universities. Brings together 3,500+ students from Tanta, Mansoura, Kafr El-Sheikh, and Menoufia to explore digital economy careers, entrepreneurship in the Delta, and civil society leadership. Target Audience: Students across all faculties of Tanta University (Medicine, Engineering, Science, Commerce, Arts, Law). Venue Details: Tanta University Main Convention Center (Grand Hall & Exhibition Foyer), Medical Campus, Tanta. Activities: Keynote addresses by regional governors and tech leaders, 12 career workshops, and university project exhibitions. Admission: Completely free of charge with valid university student ID. B2C Tactical Opportunity: THE HIGHEST PRIORITY HOME TURF EVENT for Tanta Campus Chapter: Deliver official keynote on youth leadership, operate main-foyer registration booth, and capture 1,000+ local leads."
Liminality Voices Across the Globe Conference,"Sat, 24 Oct • 10:00 AM",Cairo,MSA University,AllEvents,General Event,Independent,Registration / Tickets,4.0,LOW,⚠️ Clash,general,General Monitoring for potential youth presence,AllEvents Organizer,https://allevents.in/giza/liminality-voices-across-the-globe-conference/200030479030933,https://allevents.in/giza/liminality-voices-across-the-globe-conference/200030479030933,100% Verified Real,
Kickboxing class,"Oct 24, 2026 · 11:00 AM",Cairo,Nox Fit gym,Meetup,Youth Leadership & Skills Workshops,Independent,Free,6.8,MEDIUM,⚠️ Clash,"workshop, training, skills",Workshop Attendee Outreach & Digital Flyer Drops,"Martial arts - Boxing, kickboxing and Muay thai",https://www.meetup.com/martial-arts-boxing-kickboxing-and-muay-thai/events/316714987/,https://www.meetup.com/martial-arts-boxing-kickboxing-and-muay-thai/events/316714987/,100% Verified Real,"**A beginner-friendly class for anyone who wants to try martial arts, whether boxing, kickboxing, or Muay Thai.**

**The event lasts 2 hours:**

**15 minutes: Welcoming participants**
**1 hour: Martial arts training**
**15 minutes: Freshening up**
**30 minutes: Enjoying a healthy drink**

**👕 Sports"
Wadi Degla Camp in Maadi with night hike🤩✨,"Oct 24, 2026 · 01:00 PM",Cairo,Maadi,Meetup,General Event,Independent,Free,4.0,LOW,⚠️ Clash,general,General Monitoring for potential youth presence,Green Camp Egypt 🇪🇬,https://www.meetup.com/greencampegypt/events/316521686/,https://www.meetup.com/greencampegypt/events/316521686/,100% Verified Real,"**Enjoy a full desert experience while still in the city. 🌄**
What could be better than having a great weekend daytrip adventure with different group activities?👌💯Ladies and gentlemen, get ready for:
✨**Maadi night hike and camping**🤩✨
**The day includes:**
✅ Camping in the mountains the sky, nature"
"""TEACHER 2030""","Sat, 24 Oct, 2026 - 01:00 PM",Giza,"‏بافاريا تاون -المعادي - القاهرة ‏ و‏‎Cairo, Egypt‎‏",AllEvents,General Event,Independent,Registration / Tickets,4.0,LOW,⚠️ Clash,general,General Monitoring for potential youth presence,AllEvents Organizer,https://allevents.in/cairo/من-مُعلّم-تقليدي-إلى-مُعلّم-رقمي-teacher-2030/200030809717254,https://allevents.in/cairo/من-مُعلّم-تقليدي-إلى-مُعلّم-رقمي-teacher-2030/200030809717254,100% Verified Real,
10 Annual Conference Orthopaedic Department Al-Azhar University (Hand and Microsurgery Unit),"Sat, 24 Oct, 2026 - 03:00 PM",Alexandria,Hurghada - الغردقه,AllEvents,University Conferences & Academic Forums,Independent,Registration / Tickets,8.7,HIGH,⚠️ Clash,"university, academic, conference, campus, youth","Major Campus Activation: Deploy Chapter Delegation, Booth Presence & Recruit University Students",AllEvents Organizer,https://allevents.in/alexandria/10-annual-conference-orthopaedic-department-al-azhar-university-hand-and-microsurgery-unit/200029681885954,https://allevents.in/alexandria/10-annual-conference-orthopaedic-department-al-azhar-university-hand-and-microsurgery-unit/200029681885954,100% Verified Real,
Blue – 25th Anniversary Tour,Oct 24 · 07:00 PM,Cairo,New Capital,TicketsMarche,General Event,Independent,3000.00 EGP,4.0,LOW,⚠️ Clash,general,General Monitoring for potential youth presence,ACUD and Live Nation,https://www.ticketsmarche.com/event/Blue_8037,https://www.ticketsmarche.com/event/Blue_8037,100% Verified Real,Blue – 25th Anniversary Tour organized by ACUD and Live Nation. Tickets available on TicketsMarche (3000.00 EGP). Venue: New Capital.
Nouran Abu Taleb - Live Music Show at Teatro 90,Oct 24 · 08:00 PM,Cairo,Teatro 90,TicketsMarche,General Event,Independent,350.00 EGP,4.0,LOW,⚠️ Clash,general,General Monitoring for potential youth presence,Teatro 90 x Fada Arts,https://www.ticketsmarche.com/event/nouran-abu-taleb,https://www.ticketsmarche.com/event/nouran-abu-taleb,100% Verified Real,Nouran Abu Taleb - Live Music Show at Teatro 90 organized by Teatro 90 x Fada Arts. Tickets available on TicketsMarche (350.00 EGP). Venue: Teatro 90.
One-to-One Meeting with IE University in Cairo,"Oct 25, 2026 · 12:00 AM",Cairo,Sofitel cairo downtown Nile,Eventbrite,Campus & Student Activities,Independent,Paid / Registration,7.8,MEDIUM,⚠️ Clash,"campus, students, youth, education",Campus Outreach: Engage Student Attendees & Student Union Partners,Eventbrite Organizer,https://www.eventbrite.com/e/one-to-one-meeting-with-ie-university-in-cairo-tickets-2000612982285,https://www.eventbrite.com/e/one-to-one-meeting-with-ie-university-in-cairo-tickets-2000612982285,100% Verified Real,Join us!
مؤتمر Paradox,"Oct 25, 2026 · 11:00 AM",Assiut,بيت فوه للمؤتمرات، أسيوط، صعيد مصر,Facebook Events,Youth Leadership & Skills Workshops,Upper Egypt Student Council,Free Youth Entry (Online Registration),6.8,MEDIUM,Clear,"workshop, training, skills",Workshop Attendee Outreach & Digital Flyer Drops,Assiut Youth Initiative & Upper Egypt Student Union,https://www.facebook.com/events/search/?q=%D9%85%D8%A4%D8%AA%D9%85%D8%B1%20Paradox,https://www.facebook.com/events/search/?q=%D9%85%D8%A4%D8%AA%D9%85%D8%B1%20Paradox,100% Verified Real,"ملتقى القيادات الشبابية السنوي الرائد في صعيد مصر. يجمع أكثر من 1,500 طالب من جامعات أسيوط وسوهاج وقنا لمناقشة ريادة الأعمال المجتمعية، الذكاء الاصطناعي، وتطوير المهارات القيادية للشباب خارج العاصمة."
El-Gouna Boogie 25th Oct-01st Nov.2026,"Sun, 25 Oct, 2026 - 12:00 PM",Hurghada,"Red Sea, Egypt",AllEvents,General Event,Independent,Registration / Tickets,4.0,LOW,Clear,general,General Monitoring for potential youth presence,AllEvents Organizer,https://allevents.in/hurghada/el-gouna-boogie-25th-oct-01st-nov2026/200030583407416,https://allevents.in/hurghada/el-gouna-boogie-25th-oct-01st-nov2026/200030583407416,100% Verified Real,
Cineolios Cinenights  Alexandria,"Sun, 25 Oct • 07:00 PM + 1 more",Alexandria,Bibliotheca Alexandrina - مكتبة الاسكندرية,AllEvents,General Event,Independent,Registration / Tickets,4.0,LOW,⚠️ Clash,general,General Monitoring for potential youth presence,AllEvents Organizer,https://allevents.in/alexandria/cineolios-cinenights-alexandria/200030799965043,https://allevents.in/alexandria/cineolios-cinenights-alexandria/200030799965043,100% Verified Real,
Omar Khairat,Oct 25 · 08:00 PM,Cairo,Sayed Darwish Theatre,TicketsMarche,Youth Leadership & Skills Workshops,Independent,1000.00 EGP,6.8,MEDIUM,⚠️ Clash,"workshop, training, skills",Workshop Attendee Outreach & Digital Flyer Drops,academy of arts,https://www.ticketsmarche.com/event/9551,https://www.ticketsmarche.com/event/9551,100% Verified Real,Omar Khairat organized by academy of arts. Tickets available on TicketsMarche (1000.00 EGP). Venue: Sayed Darwish Theatre.
"Oil & Gas Processing & AIM Workshop (Cairo, 2026)","Oct 26, 2026 · 12:00 AM",Cairo,ENPPI,Eventbrite,B2B & Industrial Trade Expo,Independent,Paid / Registration,3.0,LOW,⚠️ Clash,"trade_expo, b2b, industry",Low Priority B2C / Evaluate solely for B2B Corporate Sponsorship,Eventbrite Organizer,https://www.eventbrite.sg/e/oil-gas-processing-aim-workshop-cairo-2026-tickets-1999355484074,https://www.eventbrite.sg/e/oil-gas-processing-aim-workshop-cairo-2026-tickets-1999355484074,100% Verified Real,A 3-day workshop on Oil & Gas processing technologies and asset integrity management for industry professionals.
ICEC (Intelligent Cities Exhibition & Conference) 2026,"Mon, 26 Oct • 09:00 AM",Tanta,Hilton Cairo Heliopolis,"AllEvents, Eventbrite",Tech Communities & Innovation,Independent,Free,7.2,MEDIUM,⚠️ Clash,"tech, developer, software, innovation",Promote Global Talent IT Opportunities,AllEvents Organizer,https://allevents.in/sheraton-al-matar/icec-intelligent-cities-exhibition-and-conference-2026/100001990932027288,https://allevents.in/sheraton-al-matar/icec-intelligent-cities-exhibition-and-conference-2026/100001990932027288,100% Verified Real,Delivering Sustainable Intelligent Cities for the Future Generations.
Export Smart 4th Edition,"Mon, 26 Oct, 2026 - 09:00 AM",Giza,Intercontinental City Stars,AllEvents,General Event,Independent,Registration / Tickets,4.0,LOW,⚠️ Clash,general,General Monitoring for potential youth presence,AllEvents Organizer,https://allevents.in/cairo/export-smart-4th-edition/200030773117926,https://allevents.in/cairo/export-smart-4th-edition/200030773117926,100% Verified Real,
IEX Egypt,"Mon, 26 Oct • 09:00 AM",Tanta,Egypt's International Exhibition Center,"AllEvents, Eventbrite",B2B & Industrial Trade Expo,Independent,Registration / Tickets,3.0,LOW,⚠️ Clash,"trade_expo, b2b, industry",Low Priority B2C / Evaluate solely for B2B Corporate Sponsorship,AllEvents Organizer,https://allevents.in/al-hay-al-asher/iex-egypt/100001701070320119,https://allevents.in/al-hay-al-asher/iex-egypt/100001701070320119,100% Verified Real,"IEX Egypt will welcome over 6,000 visitors, feature 91 exhibitors, and host participants from 30 countries across Africa, Europe, Asia."
Alexandria University Career Day & Engineering Forum,"Oct 27 - 28, 2026 · 09:30 AM",Alexandria,"Alexandria University Faculty of Engineering, Shatby",Egypt Flagship Summits,Flagship Summits,Student Union,Free for Students,9.2,HIGH,⚠️ Clash,"career, job fair, student, cv, internship","Flagship activation for Alexandria chapter: Run interactive booth, provide resume reviews, and recruit outbound delegates.",Alexandria University Career Development Center (UCDC),https://eng.alexu.edu.eg/,https://eng.alexu.edu.eg/,100% Verified Real,"Alexandria's largest campus employment event uniting 8,000+ students from across Alexandria and the North Coast. Brings together 50+ multinational employers across engineering, shipping/maritime, software, and banking. Target Audience: Undergraduates and recent alumni of Alexandria University faculties. Venue Details: Faculty of Engineering Campus, El Horreya Avenue, Shatby, Alexandria. Admission: Free of charge for university students. B2C Tactical Opportunity: Anchor activation for Alexandria chapter: Distribute Global Volunteer flyers and register student leads."
ملتقى التوظيف السنوي للأكاديمية الحديثة للعلوم والتكنولوجيا,"Oct 27, 2026 · 09:00 AM",Cairo,"Modern Academy Campus, Maadi, Cairo",Facebook Events,Career & Recruitment Fairs,Student Union,Free Student Admission (University ID / CV Required),9.2,HIGH,⚠️ Clash,"career, job fair, student, cv, internship",Booth Booking & Direct Lead Generation for Global Talent / Teacher,Modern Academy for Engineering and Technology Student Union,https://www.modern-academy.edu.eg/,https://www.facebook.com/ModernAcademyMaadi,100% Verified Real,ملتقى التوظيف السنوي لطلاب وخريجي الأكاديمية الحديثة للهندسة والتكنولوجيا بالمعادي. يوفر أكثر من 800 فرصة تدريب وتوظيف بمشاركة 45 شركة رائدة في مجالات هندسة الحاسبات، الاتصالات، العمارة، وإدارة الأعمال. يشمل ورش عمل تفاعلية ومراجعة السيرة الذاتية مجاناً لجميع الطلاب والخريجين الجدد.
Alexandria BlaBla Language Exchange - Every other Tuesday & recurrent event,"Tue, 27 Oct, 2026 - 07:30 PM",Alexandria,Alexandria,AllEvents,"Volunteering, SDGs & Cultural Exchange",Independent,Registration / Tickets,7.0,MEDIUM,⚠️ Clash,"culture, volunteering, sdg, exchange",Promote Global Volunteer Projects & SDG Alignment,AllEvents Organizer,https://allevents.in/alexandria/alexandria-blabla-language-exchange-every-other-tuesday-and-recurrent-event/200030739147915,https://allevents.in/alexandria/alexandria-blabla-language-exchange-every-other-tuesday-and-recurrent-event/200030739147915,100% Verified Real,
8th Africa Fintech Forum - Cairo,"Oct 28, 2026 · 12:00 AM",Cairo,Sofitel Cairo Downtown Nile,Eventbrite,University Conferences & Academic Forums,Independent,Paid / Registration,8.7,HIGH,⚠️ Clash,"university, academic, conference, campus, youth","Major Campus Activation: Deploy Chapter Delegation, Booth Presence & Recruit University Students",Eventbrite Organizer,https://www.eventbrite.com/e/8th-africa-fintech-forum-cairo-tickets-2002936580229,https://www.eventbrite.com/e/8th-africa-fintech-forum-cairo-tickets-2002936580229,100% Verified Real,"Join us in Cairo for the 8th Africa Fintech Forum, where innovation meets finance in person!"
The GrEEK Campus Open Startup Hub & Youth Co-Working Day,"Oct 28, 2026 · 12:00 PM",Cairo,"The Greek Campus, 28 Falaki St, Bab El Louk, Downtown Cairo",Instagram Feeds,Campus & Student Activities,Independent,Free Student Admission / RSVP Required,7.8,MEDIUM,⚠️ Clash,"campus, students, youth, education",Campus Outreach: Engage Student Attendees & Student Union Partners,The GrEEK Campus (@thegreekcampus),https://www.thegreekcampus.com/eventspaces,https://www.thegreekcampus.com/eventspaces,100% Verified Real,"Downtown Cairo's iconic tech hub opening its doors for a full day of student workshops, startup showcases, and freelance career clinics. Features resident tech companies offering summer internships and project collaborations. Target Audience: Tech enthusiasts, designers, developers, and young entrepreneurs across Greater Cairo. Venue Details: The Greek Campus, Factory Building & Courtyard, 28 Falaki Street, Downtown Cairo. B2C Tactical Opportunity: Prime outdoor branding location for Global Volunteer and Global Talent."
ARCE Special Halloween Lecture & Book Signing by Dr. Salima Ikram,"Wed, 28 Oct, 2026 - 06:00 PM",Giza,"2 Midan Simón Bolívar، Qasr El Nil, Cairo, Egypt",AllEvents,General Event,Independent,Registration / Tickets,4.0,LOW,⚠️ Clash,general,General Monitoring for potential youth presence,AllEvents Organizer,https://allevents.in/cairo/arce-special-halloween-lecture-and-book-signing-by-dr-salima-ikram/200030792456009,https://allevents.in/cairo/arce-special-halloween-lecture-and-book-signing-by-dr-salima-ikram/200030792456009,100% Verified Real,
GREATS 2026 International Congress,"Thu, 29 Oct, 2026 - 08:00 AM",Alexandria,"Four Seasons San Stefano , Alexandria",AllEvents,General Event,Independent,Registration / Tickets,4.0,LOW,⚠️ Clash,general,General Monitoring for potential youth presence,AllEvents Organizer,https://allevents.in/alexandria/greats-2026-international-congress/200030165228208,https://allevents.in/alexandria/greats-2026-international-congress/200030165228208,100% Verified Real,
20th ThyroAlex,"Thu, 29 Oct, 2026 - 08:00 AM",Alexandria,Golden Jewel Beach&Hotel,AllEvents,General Event,Independent,Registration / Tickets,4.0,LOW,⚠️ Clash,general,General Monitoring for potential youth presence,AllEvents Organizer,https://allevents.in/alexandria/20th-thyroalex/200029435462319,https://allevents.in/alexandria/20th-thyroalex/200029435462319,100% Verified Real,
Techne Summit Alexandria 2026,"Oct 29 - 31, 2026 · 09:00 AM",Alexandria,Bibliotheca Alexandrina,Egypt Flagship Summits,Flagship Summits,Techne Global,Student / Attendee Passes,9.8,HIGH,⚠️ Clash,"summit, flagship, youth, leadership","High-priority activation for Tanta & Alexandria chapters: Deploy booth presence, distribute Global Volunteer flyers, and engage university delegations across the Delta.",Techne & Marketeers,https://technesummit.com/,https://technesummit.com/,100% Verified Real,"The Mediterranean's largest technology, startup, and youth talent gathering at Bibliotheca Alexandrina. Convenes 45,000+ attendees, 300+ international speakers, 1,000+ startup exhibitors, and university delegations from 20+ nations. Target Audience: Computer Science, Engineering, Business/Commerce, and Fine Arts students across Alexandria and the Delta. Venue Details: Bibliotheca Alexandrina Complex (Great Hall, B1 & B2 Conference Halls, and Open Plaza), Shatby, Alexandria. Activities: 10 specialized industry tracks (Fintech, Healthtech, Edtech, E-commerce, Gaming, Deep Tech), pitch competitions, and VIP investor matchmaking. Admission: Official student passes and delegate tickets with RFID badge entry. B2C Tactical Opportunity: Flagship recruitment and partnership ground for Tanta and Alexandria chapters: Deploy interactive booth, secure Youth Speak forum synergies, and engage international attendees for incoming exchanges."
The 9th Conference of the Egyptian Gastro-Hepato Oncological Summit,"Thu, Oct 29 - Oct 30",Cairo,CAIRO,Facebook Events,Healthcare & Medical Education,Independent,Registration Required,7.2,MEDIUM,⚠️ Clash,"medical, healthcare, university, student_training","Target Medical, Dental & Pharmacy Undergraduates for Global Volunteer Projects",Facebook Event Host,https://www.facebook.com/events/24142603378770357/,https://www.facebook.com/events/24142603378770357/,100% Verified Real,"The 9th Conference of the Egyptian Gastro-Hepato Oncological Summit | The 9th Conference of the Egyptian Gastro-Hepato Oncological Summit hosted in Alexandria, Egypt. Live Facebook Event discovery announcement with youth engagement and student recruitment potential."
8th Annual Conference Of Delta Foundation For Pediatrics And Hematology (DFPH),"Thu, 29 Oct, 2026 - 09:00 AM",Giza,TOLIP El Narges Hotel,AllEvents,Medical & Clinical Congress,Independent,Registration / Tickets,2.5,LOW,⚠️ Clash,"medical, clinical, b2b",Do Not Deploy (Niche Clinical Target - Incompatible with Youth B2C),AllEvents Organizer,https://allevents.in/cairo/8th-annual-conference-of-delta-foundation-for-pediatrics-and-hematology-dfph/200030091417328,https://allevents.in/cairo/8th-annual-conference-of-delta-foundation-for-pediatrics-and-hematology-dfph/200030091417328,100% Verified Real,
SFPE ll Sphinx International Conference of Physical Therapy,"Thu, 29 Oct, 2026 - 10:00 AM",Giza,فندق سميراميس انتركونتننتال,AllEvents,University Conferences & Academic Forums,Independent,Registration / Tickets,8.7,HIGH,⚠️ Clash,"university, academic, conference, campus, youth","Major Campus Activation: Deploy Chapter Delegation, Booth Presence & Recruit University Students",AllEvents Organizer,https://allevents.in/cairo/sfpe-ll-sphinx-international-conference-of-physical-therapy/200030489362157,https://allevents.in/cairo/sfpe-ll-sphinx-international-conference-of-physical-therapy/200030489362157,100% Verified Real,
Zana Etambala - Belgian-Congolese Troops in the Nile-region during the Second World War,"Thu, 29 Oct, 2026 - 06:00 PM",Giza,NVIC - Netherlands-Flemish Institute in Cairo,AllEvents,General Event,Independent,Registration / Tickets,4.0,LOW,⚠️ Clash,general,General Monitoring for potential youth presence,AllEvents Organizer,https://allevents.in/cairo/zana-etambala-belgian-congolese-troops-in-the-nile-region-during-the-second-world-war/200030802345139,https://allevents.in/cairo/zana-etambala-belgian-congolese-troops-in-the-nile-region-during-the-second-world-war/200030802345139,100% Verified Real,
Nuweiba 3 Days Adventure,"Oct 29, 2026 · 07:30 PM",Giza,Tahrir Square,Meetup,General Event,Independent,Free,4.0,LOW,⚠️ Clash,general,General Monitoring for potential youth presence,Green Camp Egypt 🇪🇬,https://www.meetup.com/greencampegypt/events/315322040/,https://www.meetup.com/greencampegypt/events/315322040/,100% Verified Real,"✨Sinai 3 Days Adventure
Taba & Nwueibaa Discovery ✨
֍֍֍֍֍֍֍֍֍֍֍֍֍֍֍֍
♥️ Join us for a 3 Days / 2 Nights in one of the most beautiful Nuweibaa camps, where Sea and Desert are met
🔥 Days filled with sunshine, vibes, and memories under the stars
֍֍֍֍֍֍֍֍֍֍֍֍֍֍֍֍
⚡\*The offer price 7000 EGP\*
(8500EGP f"
Skrew X Boom Room,Oct 29 · 08:00 PM,Cairo,"Boom Room, Open Air Mall, Madinaty",TicketsMarche,General Event,Independent,450.00 EGP,4.0,LOW,⚠️ Clash,general,General Monitoring for potential youth presence,boom x fada boom room,https://www.ticketsmarche.com/event/Skrew_9550,https://www.ticketsmarche.com/event/Skrew_9550,100% Verified Real,"Skrew X Boom Room organized by boom x fada boom room. Tickets available on TicketsMarche (450.00 EGP). Venue: Boom Room, Open Air Mall, Madinaty."
Fatma Said,Oct 29 · 09:00 PM,Cairo,Grand Egyptian Museum,TicketsMarche,General Event,Independent,2500.00 EGP,4.0,LOW,⚠️ Clash,general,General Monitoring for potential youth presence,RMC,https://www.ticketsmarche.com/event/fatma_said_9408,https://www.ticketsmarche.com/event/fatma_said_9408,100% Verified Real,Fatma Said organized by RMC. Tickets available on TicketsMarche (2500.00 EGP). Venue: Grand Egyptian Museum.
🍀Dahshur Countryside Daytrip ⛰️,"Oct 30, 2026 · 05:00 AM",Cairo,Tahrir Square,"Meetup, AllEvents",General Event,Independent,Free,4.0,LOW,⚠️ Clash,general,General Monitoring for potential youth presence,Green Camp Egypt 🇪🇬,https://www.meetup.com/greencampegypt/events/315366408/,https://www.meetup.com/greencampegypt/events/315366408/,100% Verified Real,"🌿**Enjoy the Peaceful Charm of Countryside just 1.5hr from the city**🌿
Get ready for an adventure combines the charm of authentic Egyptian countryside with the grandeur of ancient Egyptian civilization!
🤩✨**Dahshur Countryside 2x1 Daytrip**🤩✨
🌴 Picture this: surrounded by lush palm trees and captiva"
DevFest 2026: Ignite Your Tech Journey!,"Oct 30, 2026 · 08:00 AM",Alexandria,ITI Suez Canal Branch,Meetup,Youth Leadership & Skills Workshops,Independent,Free,6.8,MEDIUM,⚠️ Clash,"workshop, training, skills",Workshop Attendee Outreach & Digital Flyer Drops,GDG Ismailia,https://www.meetup.com/gdg-ismailia/events/315387058/,https://www.meetup.com/gdg-ismailia/events/315387058/,100% Verified Real,"Embark on an exciting adventure at DevFest 2026 in Ismailia, where technology takes center stage. Dive into interactive workshops and discover the latest tech innovations through dynamic presentations and rich networking experiences. Delve into the intriguing worlds of Artificial Intelligence, Block"
"Cairo, Egypt","Fri, 30 Oct, 2026 - 10:00 AM",Cairo,"Cairo, Egypt",AllEvents,General Event,Independent,Registration / Tickets,4.0,LOW,⚠️ Clash,general,General Monitoring for potential youth presence,AllEvents Organizer,https://allevents.in/cairo/جولة-في-مجمع_الأديان-مع-سراديب-الجمعة-30-أكتوبر/200030734888201,https://allevents.in/cairo/جولة-في-مجمع_الأديان-مع-سراديب-الجمعة-30-أكتوبر/200030734888201,100% Verified Real,
World Orchestra,"Fri, 30 Oct, 2026 - 07:00 PM",Giza,"All Saints' Cathedral, Cairo",AllEvents,General Event,Independent,Registration / Tickets,4.0,LOW,⚠️ Clash,general,General Monitoring for potential youth presence,AllEvents Organizer,https://allevents.in/cairo/world-orchestra/200030808818451,https://allevents.in/cairo/world-orchestra/200030808818451,100% Verified Real,
E7kky Festival ft. Aziz Maraka,"Oct 30,31",Cairo,Bermillan Mall,TicketsMarche,General Event,Independent,Free / Paid Tickets,4.0,LOW,⚠️ Clash,general,General Monitoring for potential youth presence,e7kky,https://www.ticketsmarche.com/event/e7kky-festival,https://www.ticketsmarche.com/event/e7kky-festival,100% Verified Real,E7kky Festival ft. Aziz Maraka organized by e7kky. Tickets available on TicketsMarche (Free / Paid Tickets). Venue: Bermillan Mall.
Ekhtarna Lak,Oct 30 · 09:30 PM,Cairo,Fustat,TicketsMarche,General Event,Independent,750.00 EGP,4.0,LOW,⚠️ Clash,general,General Monitoring for potential youth presence,Waleed Mansour,https://www.ticketsmarche.com/event/Ekhtarna-Lak_9504,https://www.ticketsmarche.com/event/Ekhtarna-Lak_9504,100% Verified Real,Ekhtarna Lak organized by Waleed Mansour. Tickets available on TicketsMarche (750.00 EGP). Venue: Fustat.
7 Nights Egypt Tour Package - Choose Your Dates,"Sat, 31 Oct, 2026 - 01:00 PM",Hurghada,Egypt,AllEvents,General Event,Independent,Registration / Tickets,4.0,LOW,⚠️ Clash,general,General Monitoring for potential youth presence,AllEvents Organizer,https://allevents.in/hurghada/7-nights-egypt-tour-package-choose-your-dates/200030651222200,https://allevents.in/hurghada/7-nights-egypt-tour-package-choose-your-dates/200030651222200,100% Verified Real,
Listopadowe safari 2026,"Sat, 31 Oct, 2026 - 04:00 PM",Hurghada,"Hurghada, Egypt",AllEvents,General Event,Independent,Registration / Tickets,4.0,LOW,⚠️ Clash,general,General Monitoring for potential youth presence,AllEvents Organizer,https://allevents.in/hurghada/listopadowe-safari-2026/200030257768841,https://allevents.in/hurghada/listopadowe-safari-2026/200030257768841,100% Verified Real,
17th Arab Diabetes Forum  ADF 2026.,"Tue, 03 Nov, 2026 - 08:00 AM",Giza,"Hilton Cairo Grand Nile (Cairo, Cairo Governorate, Egypt)",AllEvents,University Conferences & Academic Forums,Independent,Registration / Tickets,8.7,HIGH,⚠️ Clash,"university, academic, conference, campus, youth","Major Campus Activation: Deploy Chapter Delegation, Booth Presence & Recruit University Students",AllEvents Organizer,https://allevents.in/cairo/17th-arab-diabetes-forum-adf-2026/200030203069840,https://allevents.in/cairo/17th-arab-diabetes-forum-adf-2026/200030203069840,100% Verified Real,
Entreprenelle Female Leaders & Youth Skills Masterclass,"Nov 03, 2026 · 01:00 PM",Cairo,"The Greek Campus, Downtown Cairo",Instagram Feeds,Youth Leadership & Skills Workshops,Independent,Free Youth Admission / Pre-Registration,7.5,MEDIUM,⚠️ Clash,"workshop, skills, leadership, development","Speaker Outreach, Workshop Co-hosting & Youth Leadership Presentation",Entreprenelle Egypt (@entreprenelle),https://entreprenelle.com/programs,https://entreprenelle.com/programs,100% Verified Real,"Empowerment and leadership masterclass curated by Entreprenelle targeting aspiring female entrepreneurs and university changemakers. Covers public speaking, pitch deck design, and international career navigation. Target Audience: University students, female founders, and young professionals. Venue Details: The Greek Campus, Downtown Cairo."
Cairo University Engineering & Technology Career Forum,"Nov 04 - 05, 2026 · 09:00 AM",Giza,"Cairo University Faculty of Engineering, Giza",Egypt Flagship Summits,Flagship Summits,Student Union,Free for Undergraduates,9.2,HIGH,⚠️ Clash,"university, academic, conference, campus, youth",Key campus activation for Cairo University: Setup booth at engineering quad and pitch international developer internships.,Cairo University Faculty of Engineering & Student Union,https://eng.cu.edu.eg/,https://eng.cu.edu.eg/,100% Verified Real,"Premier campus employment and tech talent forum at Egypt's oldest engineering institution. Connects 12,000+ engineering, computer science, and architecture students with 60+ top industrial and software firms. Target Audience: Final-year students and fresh graduates from Cairo University faculties. Venue Details: Cairo University Faculty of Engineering Campus, Giza (Building 3, Main Quad, and Conference Hall). Admission: Free with valid Cairo University ID card. B2C Tactical Opportunity: Prime activation ground for Cairo University chapter: Drive Global Talent applications."
The 5th Egyptian International Radiology Conference (EIRC 2026),"Wed, 04 Nov, 2026 - 09:00 AM",Giza,"Cairo, Egypt",AllEvents,Medical & Clinical Congress,Independent,Registration / Tickets,2.5,LOW,⚠️ Clash,"medical, clinical, b2b",Do Not Deploy (Niche Clinical Target - Incompatible with Youth B2C),AllEvents Organizer,https://allevents.in/cairo/the-5th-egyptian-international-radiology-conference-eirc-2026/200030050128829,https://allevents.in/cairo/the-5th-egyptian-international-radiology-conference-eirc-2026/200030050128829,100% Verified Real,
Inspire Toastmasters Club Meeting,"Nov 04, 2026 · 05:00 PM",Cairo,"MQR, The Greek Compus",Meetup,Student Orgs & Campus Leadership,Toastmasters,Free,8.0,MEDIUM,⚠️ Clash,"Toastmasters, student, campus, youth, leadership",Partner Outreach with Toastmasters: Joint Activation / PR Collaboration,Cairo Toastmasters - Improve your Public Speaking!,https://www.meetup.com/cairotmclub/events/316296322/,https://www.meetup.com/cairotmclub/events/316296322/,100% Verified Real,"Do you want to kick your public speaking skills up a couple of notches?

Join Inspire Toastmasters Club and practice public speaking with professional speakers from all over the world to ace your next presentation.

What's Inspire Toastmasters Club?

A Toastmasters Club meeting is a learn-by-doing e"
Emy crafts workshop,"Thu, 05 Nov • 12:00 AM",Giza,"Faiyum, Faiyum Governorate, Egypt",AllEvents,Youth Leadership & Skills Workshops,Independent,Registration / Tickets,7.5,MEDIUM,⚠️ Clash,"workshop, skills, leadership, development","Speaker Outreach, Workshop Co-hosting & Youth Leadership Presentation",AllEvents Organizer,https://allevents.in/beni-suef/emy-crafts-workshop/200030230561645,https://allevents.in/beni-suef/emy-crafts-workshop/200030230561645,100% Verified Real,
ESAGE 2026,"Thu, 05 Nov, 2026 - 08:00 AM",Giza,Triumph Luxury Hotel,AllEvents,General Event,Independent,Registration / Tickets,4.0,LOW,⚠️ Clash,general,General Monitoring for potential youth presence,AllEvents Organizer,https://allevents.in/cairo/esage-2026/200030766338546,https://allevents.in/cairo/esage-2026/200030766338546,100% Verified Real,
برنامج التدريب الطبي الطلابي الخامس - 'الومضة الخامسة' 2026,"Nov 05, 2026 · 10:00 AM",Cairo,"Club De La Salle, Daher, Cairo",Facebook Events,Youth Leadership & Skills Workshops,Independent,Free Student Enrollment,7.5,MEDIUM,⚠️ Clash,"workshop, skills, leadership, development","Speaker Outreach, Workshop Co-hosting & Youth Leadership Presentation",Club De La Salle Medical Student Committee & IFMSA Egypt,https://ifmsa.eg/,https://ifmsa.eg/,100% Verified Real,برنامج تدريبي متقدم يستهدف طلاب كليات الطب والصيدلة والتمريض بمختلف الجامعات المصرية. يركز على مهارات التواصل مع المرضى، الإسعافات الأولية المتقدمة، وإدارة الفرق الطبية التطوعية في القوافل العلاجية.
Geert Ham - Sculptures Symbolism and Spolia The Case of the Dromos of the Saqqara Serapeum,"Thu, 05 Nov, 2026 - 06:00 PM",Giza,NVIC - Netherlands-Flemish Institute in Cairo,AllEvents,General Event,Independent,Registration / Tickets,4.0,LOW,⚠️ Clash,general,General Monitoring for potential youth presence,AllEvents Organizer,https://allevents.in/cairo/geert-ham-sculptures-symbolism-and-spolia-the-case-of-the-dromos-of-the-saqqara-serapeum/200030674211004,https://allevents.in/cairo/geert-ham-sculptures-symbolism-and-spolia-the-case-of-the-dromos-of-the-saqqara-serapeum/200030674211004,100% Verified Real,
Le Caire (Egypte) - Opra du Caire - Joe Dassin Story,"Thu, 05 Nov, 2026 - 07:00 PM",Giza,Cairo Opera House,AllEvents,General Event,Independent,Registration / Tickets,4.0,LOW,⚠️ Clash,general,General Monitoring for potential youth presence,AllEvents Organizer,https://allevents.in/cairo/le-caire-egypte-opéra-du-caire-joe-dassin-story/200030526005838,https://allevents.in/cairo/le-caire-egypte-opéra-du-caire-joe-dassin-story/200030526005838,100% Verified Real,
“Redeeming Love” Play -5 Nov Early Show,Nov 05 · 04:30 PM,Cairo,Falaki Mainstage Theater,TicketsMarche,General Event,Independent,300.00 EGP,4.0,LOW,⚠️ Clash,general,General Monitoring for potential youth presence,Better Show Theater Team,https://www.ticketsmarche.com/event/Redeeming-Love_9431,https://www.ticketsmarche.com/event/Redeeming-Love_9431,100% Verified Real,“Redeeming Love” Play -5 Nov Early Show organized by Better Show Theater Team. Tickets available on TicketsMarche (300.00 EGP). Venue: Falaki Mainstage Theater.
Cairo Jazz Festival 2026,"Nov 5 to Nov 7, 2026",Cairo,"Ewart Memorial Hall, AUC Tahrir Square",TicketsMarche,General Event,Independent,Free / Paid Tickets,4.0,LOW,⚠️ Clash,general,General Monitoring for potential youth presence,Agwa for event organizing,https://www.ticketsmarche.com/event/cairo-jazz-festival_9457,https://www.ticketsmarche.com/event/cairo-jazz-festival_9457,100% Verified Real,"Cairo Jazz Festival 2026 organized by Agwa for event organizing. Tickets available on TicketsMarche (Free / Paid Tickets). Venue: Ewart Memorial Hall, AUC Tahrir Square."
Gala de Danza Presented by GEM Experience,Nov 05 · 09:00 PM,Cairo,Grand Egyptian Museum,TicketsMarche,General Event,Independent,2195.00 EGP,4.0,LOW,⚠️ Clash,general,General Monitoring for potential youth presence,Gala De Danza,https://www.ticketsmarche.com/event/gala_de_danza_8840,https://www.ticketsmarche.com/event/gala_de_danza_8840,100% Verified Real,Gala de Danza Presented by GEM Experience organized by Gala De Danza. Tickets available on TicketsMarche (2195.00 EGP). Venue: Grand Egyptian Museum.
Mina Nader | The Egyptian Tour,From Nov 5 to Nov 28,Cairo,Mina Nader,TicketsMarche,General Event,Independent,Free / Paid Tickets,4.0,LOW,⚠️ Clash,general,General Monitoring for potential youth presence,Fada x Mina nader..,https://www.ticketsmarche.com/event/9569,https://www.ticketsmarche.com/event/9569,100% Verified Real,Mina Nader | The Egyptian Tour organized by Fada x Mina nader... Tickets available on TicketsMarche (Free / Paid Tickets). Venue: Mina Nader.
Nour Hajjar - Stand Up comedy show at Teatro 90,Nov 05 · 09:00 PM,Cairo,Teatro 90,TicketsMarche,Social & Entertainment,Independent,1000.00 EGP,2.8,LOW,⚠️ Clash,"entertainment, social, leisure",General Monitoring (Social / Leisure),Teatro 90,https://www.ticketsmarche.com/event/nour-hajjar_9437,https://www.ticketsmarche.com/event/nour-hajjar_9437,100% Verified Real,Nour Hajjar - Stand Up comedy show at Teatro 90 organized by Teatro 90. Tickets available on TicketsMarche (1000.00 EGP). Venue: Teatro 90.
"El Manshia, Zagazig","Fri, 06 Nov • 12:00 AM",Mansoura,"Mansoura, Egypt",AllEvents,General Event,Independent,Registration / Tickets,4.0,LOW,Clear,general,General Monitoring for potential youth presence,AllEvents Organizer,https://allevents.in/al-sharqia/دعوه/200030631004709,https://allevents.in/al-sharqia/دعوه/200030631004709,100% Verified Real,
"Cairo, Egypt","Fri, 06 Nov, 2026 - 01:00 AM",Cairo,"Cairo, Egypt",AllEvents,General Event,Independent,Registration / Tickets,4.0,LOW,⚠️ Clash,general,General Monitoring for potential youth presence,AllEvents Organizer,https://allevents.in/cairo/رحلة-الجنوب-من-دندرة-إلى-الأقصر-وأسوان-والنوبةالسفر-مساء-الخميس-5-نوفمبر-5-أيام-4-ليالي/200030741967950,https://allevents.in/cairo/رحلة-الجنوب-من-دندرة-إلى-الأقصر-وأسوان-والنوبةالسفر-مساء-الخميس-5-نوفمبر-5-أيام-4-ليالي/200030741967950,100% Verified Real,
Global Entrepreneurship Festival,"Fri, 06 Nov, 2026 - 09:00 AM",Giza,"JW Marriot Hotel, Cairo, Cairo Governorate, Egypt",AllEvents,Youth Leadership & Skills Workshops,Independent,Registration / Tickets,7.5,MEDIUM,⚠️ Clash,"workshop, skills, leadership, development","Speaker Outreach, Workshop Co-hosting & Youth Leadership Presentation",AllEvents Organizer,https://allevents.in/cairo/global-entrepreneurship-festival/200030526005738,https://allevents.in/cairo/global-entrepreneurship-festival/200030526005738,100% Verified Real,
Youth Speak Forum Egypt 2026,"Nov 06, 2026 · 10:00 AM",Cairo,"The American University in Cairo (AUC Tahrir Square), Downtown Cairo",Instagram Feeds,Flagship Summits,Independent,Delegate Pass / University Registration,9.8,HIGH,⚠️ Clash,"summit, flagship, youth, leadership","Major National Activation: Deploy Chapter Delegation, Booth Presence & Global Volunteer Recruitment",Egypt Youth Leadership Council (@eventradareg),https://eventradar.org.eg/youth-speak-forum,https://eventradar.org.eg/youth-speak-forum,100% Verified Real,"Egypt's premier national youth leadership convention uniting passionate students, university student bodies, and cross-sector leaders. Focuses on UN Sustainable Development Goals (SDGs), cross-cultural leadership, and global internships. Target Audience: University undergraduates, youth volunteer groups, and student clubs nationwide. Venue Details: AUC Tahrir Cultural Center & Ewart Memorial Hall, Downtown Cairo."
The Greek Campus Innovation & Startup Expo,"Nov 06 - 07, 2026 · 10:00 AM",Cairo,"The Greek Campus, Downtown Cairo",Egypt Flagship Summits,Flagship Summits,Independent,Student & Visitor Passes,9.8,HIGH,⚠️ Clash,"summit, flagship, youth, leadership",Deploy partnership desk & pitch startup founders on hiring international tech talent.,The Greek Campus Cairo,https://www.thegreekcampus.com/,https://www.thegreekcampus.com/,100% Verified Real,"Downtown Cairo's annual tech and creative economy showcase held at Egypt's pioneer technology park. Features 70+ technology startups, design studios, and student incubators exhibiting prototypes to 4,000+ visitors. Target Audience: Tech developers, digital marketing students, startup founders, and youth creators. Venue Details: The Greek Campus (Main Quad, The Library, and The Nest), 28 Falaki Street, Downtown Cairo. Activities: Live product demos, venture investor pitch sessions, open masterclasses in software architecture, and evening networking. Admission: Student & visitor entry pass available online. B2C Tactical Opportunity: Perfect venue to pitch startup founders on hosting international interns through Global Talent."
Argy Live at the Pyramids of Giza 2026,"Fri, 06 Nov • 06:00 PM",Giza,Great Pyramid of Giza,AllEvents,General Event,Independent,Registration / Tickets,4.0,LOW,⚠️ Clash,general,General Monitoring for potential youth presence,AllEvents Organizer,https://allevents.in/giza/argy-live-at-the-pyramids-of-giza-2026/2700030734556132,https://allevents.in/giza/argy-live-at-the-pyramids-of-giza-2026/2700030734556132,100% Verified Real,
“Redeeming Love” Play,4-6 Nov 2026,Cairo,Falaki Mainstage Theater,TicketsMarche,General Event,Independent,Free / Paid Tickets,4.0,LOW,⚠️ Clash,general,General Monitoring for potential youth presence,Better Show Theater Team,https://www.ticketsmarche.com/event/Redeeming-Love_9423,https://www.ticketsmarche.com/event/Redeeming-Love_9423,100% Verified Real,“Redeeming Love” Play organized by Better Show Theater Team. Tickets available on TicketsMarche (Free / Paid Tickets). Venue: Falaki Mainstage Theater.
20 Years of Ramy Sabry,Nov 06 · 09:00 PM,Cairo,El Arena,TicketsMarche,General Event,Independent,1000.00 EGP,4.0,LOW,⚠️ Clash,general,General Monitoring for potential youth presence,A Plus,https://www.ticketsmarche.com/event/Ramy-Sabry_9476,https://www.ticketsmarche.com/event/Ramy-Sabry_9476,100% Verified Real,20 Years of Ramy Sabry organized by A Plus. Tickets available on TicketsMarche (1000.00 EGP). Venue: El Arena.
Dahshur Countryside Daytrip,"Sat, 07 Nov • 07:00 AM + 2 more",Cairo,Tahrir Square,AllEvents,General Event,Independent,Free,4.0,LOW,⚠️ Clash,general,General Monitoring for potential youth presence,AllEvents Organizer,https://allevents.in/cairo/dahshur-countryside-daytrip-tickets/80001038191385,https://allevents.in/cairo/dahshur-countryside-daytrip-tickets/80001038191385,100% Verified Real,
The Tenth International Student & Scientific Conference of Suez Canal University,"Nov 07, 2026 · 09:00 AM",Suez,Suez Canal University Grand Conference Complex,Facebook Events,University Conferences & Academic Forums,Student Union,Free Student Attendance (University ID),8.7,HIGH,Clear,"university, academic, conference, campus, youth","Major Campus Activation: Deploy Chapter Delegation, Booth Presence & Recruit University Students",Suez Canal University Scientific Council & Student Union,http://suez.edu.eg/ar/,http://suez.edu.eg/ar/,100% Verified Real,"Flagship scientific and collegiate gathering convening students from Suez, Ismailia, Port Said, and Cairo. Highlights digital logistics, Suez Canal economic zone career opportunities, and undergraduate environmental research."
Hult Prize Egypt National Finals & Youth Impact Showcase,"Nov 07, 2026 · 10:00 AM",New Cairo,AUC New Cairo Campus (Bassily Auditorium),Egypt Flagship Summits,Flagship Summits,Hult Prize,Student / Attendee Pass,9.2,HIGH,Clear,"Hult Prize, student, campus, youth, leadership",Partner with Hult Prize organizers for SDG keynote and invite participants to Global Volunteer projects.,Hult Prize Egypt & AUC V-Lab,https://www.hultprize.org/,https://www.hultprize.org/,100% Verified Real,"The national championship of the world's largest social entrepreneurship student competition. Brings together winning student teams from 40+ Egyptian universities pitching business solutions aligned with the UN SDGs. Venue Details: American University in Cairo (AUC), New Cairo Campus (Bassily Auditorium & Plaza). Admission: Student attendee pass with campus security registration. B2C Tactical Opportunity: 100% philosophical match with SDG Global Volunteer programs: Engage changemakers."
Mohamed Fawzi's Play,"5 ,6 & 7 Nov · 9:00 PM",Giza,Cairo Cultural Hub,TicketsMarche,General Event,Independent,Free / Paid Tickets,4.0,LOW,⚠️ Clash,general,General Monitoring for potential youth presence,Studio Heif,https://www.ticketsmarche.com/event/mohamed-fawzy_9559,https://www.ticketsmarche.com/event/mohamed-fawzy_9559,100% Verified Real,Mohamed Fawzi's Play organized by Studio Heif. Tickets available on TicketsMarche (Free / Paid Tickets). Venue: Cairo Cultural Hub.
Collective Coffee Summit,Nov 07 · 11:00 AM,Cairo,East Walk Mall by HDP,TicketsMarche,Flagship Summits,Independent,550.00 EGP,9.8,HIGH,⚠️ Clash,"summit, flagship, youth, leadership","Major National Activation: Deploy Chapter Delegation, Booth Presence & Global Volunteer Recruitment",S.EVENTS,https://www.ticketsmarche.com/event/Collective_Coffee_Summit_9497,https://www.ticketsmarche.com/event/Collective_Coffee_Summit_9497,100% Verified Real,Collective Coffee Summit organized by S.EVENTS. Tickets available on TicketsMarche (550.00 EGP). Venue: East Walk Mall by HDP.
LeadBull is Hiring Canadian Telesales Account,"Sun, 08 Nov, 2026 - 12:00 AM",Giza,Zahraa el maadi - زهراء المعادي,AllEvents,General Event,Independent,Registration / Tickets,4.0,LOW,⚠️ Clash,general,General Monitoring for potential youth presence,AllEvents Organizer,https://allevents.in/cairo/leadbull-is-hiring-canadian-telesales-account/200030766337643,https://allevents.in/cairo/leadbull-is-hiring-canadian-telesales-account/200030766337643,100% Verified Real,
7th ORL Sohag,"Mon, 09 Nov, 2026 - 09:00 AM",Hurghada,SRNTY Hotels,AllEvents,General Event,Independent,Registration / Tickets,4.0,LOW,⚠️ Clash,general,General Monitoring for potential youth presence,AllEvents Organizer,https://allevents.in/hurghada/7th-orl-sohag/200030030764401,https://allevents.in/hurghada/7th-orl-sohag/200030030764401,100% Verified Real,
المؤتمر الدولي للمكتبات في العصر الرقمي – النسخة الأولى، ٢٠٢٦,"Tue, Nov 10 - Nov 11",Alexandria,"Chatby, Alexandria 21526, EGYPT, Alexandria, Egypt, P.O. Box 138",Facebook Events,General Event,Independent,Registration Required,4.0,LOW,⚠️ Clash,general,General Monitoring for potential youth presence,Facebook Event Host,https://www.facebook.com/events/1016385274711752/,https://www.facebook.com/events/1016385274711752/,100% Verified Real,"Tue, Nov 10 - Nov 11
المؤتمر الدولي للمكتبات في العصر الرقمي – النسخة الأولى، ٢٠٢٦
Chatby, Alexandria 21526, EGYPT, Alexandria, Egypt, P.O. Box 138
1.6K interested · 123 going"
e-AGE26 - المؤتمر السنوي السادس عشر للمنظمة العربية لشبكات البحث العلمي والتعليم,"Nov 10, 2026 · 09:30 AM",Alexandria,Bibliotheca Alexandrina & Alexandria University Conference Center,Facebook Events,Campus & Student Activities,Independent,Free Academic & Student Pass (Registration Required),7.8,MEDIUM,⚠️ Clash,"campus, students, youth, education",Campus Outreach: Engage Student Attendees & Student Union Partners,ASREN & Egyptian Universities Network (EUN),https://asren.net/,https://asren.net/,100% Verified Real,"The 16th Annual International Conference on Arab e-Infrastructure in a Global Context (e-AGE26). Gathers university researchers, educational tech innovators, and computer science students to discuss open science, high-performance computing, and AI-assisted scientific research across the Mediterranean and Arab regions."
Mansoura University Student Innovation & Career Expo,"Nov 10 - 11, 2026 · 10:00 AM",Mansoura,Mansoura University Main Convention Center,Egypt Flagship Summits,Flagship Summits,Student Union,Free Student Admission,9.2,HIGH,⚠️ Clash,"career, job fair, student, cv, internship","Delta outreach priority: Deploy student booth, engage student union heads, and drive Global Volunteer registrations.",Mansoura University UCDC & Student Activity Center,https://www.mans.edu.eg/,https://www.mans.edu.eg/,100% Verified Real,"The premier student leadership, innovation, and career fair of the Eastern Delta region. Hosts 10,000+ students from Mansoura University faculties (Medicine, Engineering, Science, Computer Science, Commerce). Venue Details: Grand Conference Hall & University Club, Mansoura University Campus, Mansoura. Activities: Student entrepreneurship exhibition, career talks, employer recruitment booths, and leadership workshops. Admission: Free with Mansoura University ID. B2C Tactical Opportunity: Critical Delta expansion ground: Engage student leaders and recruit Global Volunteer applicants."
AIA International Conference Cairo 2026: Layers of Civilization,"Nov 11, 2026 · 12:00 AM",Cairo,The American University in Cairo Tahrir Square Campus,Eventbrite,University Conferences & Academic Forums,Independent,Paid / Registration,8.7,HIGH,⚠️ Clash,"university, academic, conference, campus, youth","Major Campus Activation: Deploy Chapter Delegation, Booth Presence & Recruit University Students",Eventbrite Organizer,https://www.eventbrite.com/e/aia-international-conference-cairo-2026-layers-of-civilization-tickets-1994554474124,https://www.eventbrite.com/e/aia-international-conference-cairo-2026-layers-of-civilization-tickets-1994554474124,100% Verified Real,"Thrilled to announce the 2026 AIA International Conference in Cairo, hosted by AIA Middle East! Open to AIA members and non members alike."
Sahara Desert Trek,"Thu, 12 Nov, 2026 - 02:15 AM",Hurghada,The Sahara Desert,AllEvents,General Event,Independent,Registration / Tickets,4.0,LOW,⚠️ Clash,general,General Monitoring for potential youth presence,AllEvents Organizer,https://allevents.in/hurghada/sahara-desert-trek/200030367294050,https://allevents.in/hurghada/sahara-desert-trek/200030367294050,100% Verified Real,
2nd MYTHS  FACTS in Pediatric Practice,"Thu, 12 Nov, 2026 - 07:00 AM",Mansoura,El Hawar Club Mansoura,AllEvents,Medical & Clinical Congress,Independent,Registration / Tickets,2.5,LOW,⚠️ Clash,"medical, clinical, b2b",Do Not Deploy (Niche Clinical Target - Incompatible with Youth B2C),AllEvents Organizer,https://allevents.in/al-mansurah/2nd-myths-✗-facts-in-pediatric-practice/200029887925131,https://allevents.in/al-mansurah/2nd-myths-✗-facts-in-pediatric-practice/200029887925131,100% Verified Real,
FEGO Egypt Womens Health Congress 2026,"Thu, 12 Nov, 2026 - 08:00 AM",Giza,Le Méridien Cairo Airport,AllEvents,General Event,Independent,Registration / Tickets,4.0,LOW,⚠️ Clash,general,General Monitoring for potential youth presence,AllEvents Organizer,https://allevents.in/cairo/fego-egypt-womens-health-congress-2026/200030803418648,https://allevents.in/cairo/fego-egypt-womens-health-congress-2026/200030803418648,100% Verified Real,
Mansoura Chest Department Annual Conference 2026,"Thu, 12 Nov • 08:00 AM",Mansoura,Port Fouad,AllEvents,General Event,Independent,Registration / Tickets,4.0,LOW,⚠️ Clash,general,General Monitoring for potential youth presence,AllEvents Organizer,https://allevents.in/port-said/mansoura-chest-department-annual-conference-2026/200030669991447,https://allevents.in/port-said/mansoura-chest-department-annual-conference-2026/200030669991447,100% Verified Real,
IEEE Egypt National Student Congress & Exhibition,"Nov 12 - 13, 2026 · 09:00 AM",Cairo,Cairo University Faculty of Engineering,Egypt Flagship Summits,Flagship Summits,IEEE,Free / Student Pass,9.8,HIGH,⚠️ Clash,"IEEE, summit, flagship, youth, leadership",Partner with IEEE student branches to co-promote global technical internships and volunteer opportunities.,IEEE Egypt Section,https://ieee.org.eg/,https://ieee.org.eg/,100% Verified Real,"The official annual congress bringing together 35+ IEEE university student branches from across all Egyptian governorates. Features student robotics competitions, scientific paper presentations, embedded systems hackathons, and leadership elections. Target Audience: Electrical, Electronics, Communications, Computer, and Mechatronics engineering students. Venue Details: Cairo University Faculty of Engineering (Main Auditorium & Electrical Engineering Building), Giza. Expected Scale: 3,000+ engineering student delegates and branch chairs. Admission: Free student pass for Egyptian university students. B2C Tactical Opportunity: High-leverage institutional partnership: Sign national co-marketing agreements with IEEE student branches to promote Global Talent engineering internships directly to their membership."
EISTF 2026,"Thu, 12 Nov, 2026 - 09:00 AM",Alexandria,"Alexandria, Egypt",AllEvents,General Event,Independent,Registration / Tickets,4.0,LOW,⚠️ Clash,general,General Monitoring for potential youth presence,AllEvents Organizer,https://allevents.in/alexandria/eistf-2026/200030799966952,https://allevents.in/alexandria/eistf-2026/200030799966952,100% Verified Real,
The 26th Annual Damanhour Nephrology Conference 2026,"Thu, 12 Nov, 2026 - 09:00 AM",Alexandria,Alexandria (Egypt),AllEvents,Medical & Clinical Congress,Independent,Registration / Tickets,2.5,LOW,⚠️ Clash,"medical, clinical, b2b",Do Not Deploy (Niche Clinical Target - Incompatible with Youth B2C),AllEvents Organizer,https://allevents.in/alexandria/the-26th-annual-damanhour-nephrology-conference-2026/200029728818507,https://allevents.in/alexandria/the-26th-annual-damanhour-nephrology-conference-2026/200029728818507,100% Verified Real,
Meen Amin,Nov 12 · 08:00 PM,Cairo,"Ewart Memorial Hall, AUC Tahrir Square",TicketsMarche,General Event,Independent,750.00 EGP,4.0,LOW,⚠️ Clash,general,General Monitoring for potential youth presence,Event House,https://www.ticketsmarche.com/event/meen_amin_9552,https://www.ticketsmarche.com/event/meen_amin_9552,100% Verified Real,"Meen Amin organized by Event House. Tickets available on TicketsMarche (750.00 EGP). Venue: Ewart Memorial Hall, AUC Tahrir Square."
Masters behind the microscope,"Thu, 12 Nov, 2026 - 11:00 PM",Giza,Hilton Grand Nile -Cairo,AllEvents,General Event,Independent,Registration / Tickets,4.0,LOW,⚠️ Clash,general,General Monitoring for potential youth presence,AllEvents Organizer,https://allevents.in/cairo/masters-behind-the-microscope/200030565007741,https://allevents.in/cairo/masters-behind-the-microscope/200030565007741,100% Verified Real,
"(SHEDA) Celebrating World Diabetes Day "" Early Action on Diabetes ""","Fri, 13 Nov • 08:00 AM",Mansoura,Grand Hotel Port Said -  جراند اوتيل بورسعيد,AllEvents,General Event,Independent,Registration / Tickets,4.0,LOW,⚠️ Clash,general,General Monitoring for potential youth presence,AllEvents Organizer,https://allevents.in/port-said/sheda-celebrating-world-diabetes-day-early-action-on-diabetes/200030407263926,https://allevents.in/port-said/sheda-celebrating-world-diabetes-day-early-action-on-diabetes/200030407263926,100% Verified Real,
5th Annual Conference of the Dermatology Department  Zagazig General Hospital,"Fri, 13 Nov, 2026 - 08:00 AM",Giza,Triumph Luxury Hotel,AllEvents,Medical & Clinical Congress,Independent,Registration / Tickets,2.5,LOW,⚠️ Clash,"medical, clinical, b2b",Do Not Deploy (Niche Clinical Target - Incompatible with Youth B2C),AllEvents Organizer,https://allevents.in/cairo/5th-annual-conference-of-the-dermatology-department-zagazig-general-hospital/200030600400453,https://allevents.in/cairo/5th-annual-conference-of-the-dermatology-department-zagazig-general-hospital/200030600400453,100% Verified Real,
Max Amini Live in Cairo,"Fri, 13 Nov, 2026 - 05:00 PM",Giza,The St. Regis New Capital Cairo,"AllEvents, TicketsMarche",General Event,Independent,Registration / Tickets,4.0,LOW,⚠️ Clash,general,General Monitoring for potential youth presence,AllEvents Organizer,https://allevents.in/cairo/max-amini-live-in-cairo/200030638545421,https://allevents.in/cairo/max-amini-live-in-cairo/200030638545421,100% Verified Real,"Max Amini Live in Cairo organized by ACUD\u0026LN. Tickets available on TicketsMarche (Free / Paid Tickets). Venue: St. Regis, New Capital."
The Mummification Lesson,Nov 13 · 07:00 PM,Cairo,Cairo Cultural Hub,TicketsMarche,General Event,Independent,1200.00 EGP,4.0,LOW,⚠️ Clash,general,General Monitoring for potential youth presence,Orient Productions,https://www.ticketsmarche.com/event/The-Mummification-Lesson_9535,https://www.ticketsmarche.com/event/The-Mummification-Lesson_9535,100% Verified Real,The Mummification Lesson organized by Orient Productions. Tickets available on TicketsMarche (1200.00 EGP). Venue: 07:00 PM.
Annual Conference 2026: Contemporary Challenges in International Law,"Nov 14, 2026 · 12:00 AM",Cairo,German University in Cairo (GUC),Eventbrite,General Event,Independent,Paid / Registration,4.0,LOW,⚠️ Clash,general,General Monitoring for potential youth presence,Eventbrite Organizer,https://www.eventbrite.com/e/annual-conference-2026-contemporary-challenges-in-international-law-tickets-2002624708412,https://www.eventbrite.com/e/annual-conference-2026-contemporary-challenges-in-international-law-tickets-2002624708412,100% Verified Real,Join us in 2026 to dive into the hottest issues shaking up international law today—live and in person!
RiseUp Summit 2026,"Nov 14 - 16, 2026 · 09:30 AM",Giza,Grand Egyptian Museum (GEM),Egypt Flagship Summits,Flagship Summits,RiseUp Community,Student / General Ticket,9.8,HIGH,⚠️ Clash,"summit, flagship, youth, leadership",Send chapter youth delegation; engage youth attendees at networking stages for Global Volunteer & Teacher programs.,RiseUp,https://riseupsummit.com/,https://riseupsummit.com/,100% Verified Real,"The MENA region's iconic entrepreneurship and youth innovation marathon at the Grand Egyptian Museum. Unites 15,000+ entrepreneurs, youth changemakers, university leaders, and venture firms from 50+ countries. Target Audience: Multidisciplinary youth leaders, creative innovators, engineering developers, and business students. Venue Details: Grand Egyptian Museum (GEM), Pyramids Plateau, Giza (Main Atrium, Conference Center, and Outdoor Amphitheatre). Activities: 4 flagship stages (Capital, Tech, Creative, Growth), 150+ workshops, talent matchmaking alley, and startup showcase. Admission: 3-day student and general attendee passes with digital NFC check-in. B2C Tactical Opportunity: Prime national activation across Egypt: Mobilize large student delegations, market Global Volunteer projects on the Creative stage, and engage regional companies for Global Talent internships."
NDTX Expo 2026,"Sat, 14 Nov, 2026 - 10:00 AM",Giza,مركز مصر للمعارض الدولية التجمع الخامس,AllEvents,General Event,Independent,Registration / Tickets,4.0,LOW,⚠️ Clash,general,General Monitoring for potential youth presence,AllEvents Organizer,https://allevents.in/cairo/ndtx-expo-2026/200030496702612,https://allevents.in/cairo/ndtx-expo-2026/200030496702612,100% Verified Real,
Croisire Tek - Trimix - CCR & Loisir (Egypte),"Sat, 14 Nov, 2026 - 03:00 PM",Hurghada,Hurghada Marriott Beach Resort,AllEvents,General Event,Independent,Registration / Tickets,4.0,LOW,⚠️ Clash,general,General Monitoring for potential youth presence,AllEvents Organizer,https://allevents.in/hurghada/croisière-tek-trimix-ccr-and-loisir-egypte/200029787738016,https://allevents.in/hurghada/croisière-tek-trimix-ccr-and-loisir-egypte/200029787738016,100% Verified Real,
MOMOS: TRAUMA – Live in Cairo,Nov 14 · 08:00 PM,Giza,Cairo Jazz Club 610,TicketsMarche,General Event,Independent,1275.00 EGP,4.0,LOW,⚠️ Clash,general,General Monitoring for potential youth presence,Cairo Jazz,https://www.ticketsmarche.com/event/MOMOS-TRAUMA-Live-in-Cairo_9494,https://www.ticketsmarche.com/event/MOMOS-TRAUMA-Live-in-Cairo_9494,100% Verified Real,MOMOS: TRAUMA – Live in Cairo organized by Cairo Jazz. Tickets available on TicketsMarche (1275.00 EGP). Venue: Cairo Jazz Club 610.
Cairo ICT 2026 (International Technology & AI Exhibition),"Nov 15 - 18, 2026 · 09:00 AM",Cairo,Egypt International Exhibition Center (EIEC),Egypt Flagship Summits,Flagship Summits,Independent,Free / Trade Visitor Registration,9.8,HIGH,⚠️ Clash,"summit, flagship, youth, leadership",Nationwide youth activation: Deploy multi-chapter delegation across Connecta tech hall for Global Talent IT recruitment.,Trade Fairs International,https://cairoict.com/,https://cairoict.com/,100% Verified Real,"The Middle East and Africa's premier technology, artificial intelligence, and telecommunications convention. Convenes 115,000+ attendees, 500+ global technology enterprises, university delegations, and youth student hackathons. Target Audience: Computer Science, Software Engineering, Telecommunications, and Business students nationwide. Venue Details: Egypt International Exhibition Center (EIEC), Halls 1, 2, 3, & 4, New Cairo. Activities: Connecta youth arena, AI innovation summit, cyber defense challenges, and university research showcase. Admission: Free digital badge registration online. B2C Tactical Opportunity: Massive nationwide gathering of tech talent. Deploy cross-chapter delegation to source Global Talent applicants."
تم تحديد المقابلات الشخصية ( مقدم الطعام ) لسلسلة مطاعم بالسعودية,"Tue, Nov 17 at 10:00 AM EET",Cairo,"‏٢١ شارع القصر العيني - أمام معهد الكبد - القاهرة‏ و‏‎Cairo, Egypt‎‏",Facebook Events,General Event,Independent,Registration Required,4.0,LOW,⚠️ Clash,general,General Monitoring for potential youth presence,Facebook Event Host,https://www.facebook.com/events/1732101084122208/,https://www.facebook.com/events/1732101084122208/,100% Verified Real,"Tue, Nov 17 at 10:00 AM EET
تم تحديد المقابلات الشخصية ( مقدم الطعام ) لسلسلة مطاعم بالسعودية
‏٢١ شارع القصر العيني - أمام معهد الكبد - القاهرة‏ و‏‎Cairo, Egypt‎‏
1.6K interested · 103 going"
The 5th Edition of The Cairo CFO Summit,"Wed, 18 Nov, 2026 - 08:30 AM",Giza,Four Seasons First Residence,AllEvents,B2B & Industrial Trade Expo,Independent,Registration / Tickets,3.0,LOW,⚠️ Clash,"trade_expo, b2b, industry",Low Priority B2C / Evaluate solely for B2B Corporate Sponsorship,AllEvents Organizer,https://allevents.in/cairo/the-5th-edition-of-the-cairo-cfo-summit/80001640972594,https://allevents.in/cairo/the-5th-edition-of-the-cairo-cfo-summit/80001640972594,100% Verified Real,
EGYVASC2026 19th -22th November 2026 Makadi bay  Hurghada,"Thu, 19 Nov, 2026 - 12:00 AM",Hurghada,Serenity Fun City,AllEvents,General Event,Independent,Registration / Tickets,4.0,LOW,⚠️ Clash,general,General Monitoring for potential youth presence,AllEvents Organizer,https://allevents.in/hurghada/egyvasc2026-19th-22th-november-2026-makadi-bay-hurghada/200030454540016,https://allevents.in/hurghada/egyvasc2026-19th-22th-november-2026-makadi-bay-hurghada/200030454540016,100% Verified Real,
2nd Mansoura Pediatric Neurology Conference 2026,"Thu, 19 Nov, 2026 - 07:00 AM",Giza,"Steigenberger Hotel, Ras El Bar",AllEvents,Medical & Clinical Congress,Independent,Registration / Tickets,2.5,LOW,⚠️ Clash,"medical, clinical, b2b",Do Not Deploy (Niche Clinical Target - Incompatible with Youth B2C),AllEvents Organizer,https://allevents.in/cairo/2nd-mansoura-pediatric-neurology-conference-2026/200030127656536,https://allevents.in/cairo/2nd-mansoura-pediatric-neurology-conference-2026/200030127656536,100% Verified Real,
4th Annual Egy Derma 2026,"Thu, 19 Nov, 2026 - 08:00 AM",Giza,Triumph Luxury Hotel,AllEvents,Medical & Clinical Congress,Independent,Registration / Tickets,2.5,LOW,⚠️ Clash,"medical, clinical, b2b",Do Not Deploy (Niche Clinical Target - Incompatible with Youth B2C),AllEvents Organizer,https://allevents.in/cairo/4th-annual-egy-derma-2026/200030486890235,https://allevents.in/cairo/4th-annual-egy-derma-2026/200030486890235,100% Verified Real,
The 3rd Annual Conference of International Head and Neck Oncology Platform,"Thu, 19 Nov, 2026 - 09:00 AM",Alexandria,Mirage Hotel & Conference Center Alexandria,AllEvents,Medical & Clinical Congress,Independent,Registration / Tickets,2.5,LOW,Clear,"medical, clinical, b2b",Do Not Deploy (Niche Clinical Target - Incompatible with Youth B2C),AllEvents Organizer,https://allevents.in/alexandria/the-3rd-annual-conference-of-international-head-and-neck-oncology-platform/200030368485348,https://allevents.in/alexandria/the-3rd-annual-conference-of-international-head-and-neck-oncology-platform/200030368485348,100% Verified Real,
EGYVASC 2026,"Thu, 19 Nov, 2026 - 02:00 PM",Hurghada,Serenity Fun City,AllEvents,General Event,Independent,Registration / Tickets,4.0,LOW,⚠️ Clash,general,General Monitoring for potential youth presence,AllEvents Organizer,https://allevents.in/hurghada/egyvasc-2026/200030454610659,https://allevents.in/hurghada/egyvasc-2026/200030454610659,100% Verified Real,
GYNE ASWAN 2026,"Thu, 19 Nov, 2026 - 04:00 PM",Hurghada,"Hurghada, Egypt",AllEvents,General Event,Independent,Registration / Tickets,4.0,LOW,⚠️ Clash,general,General Monitoring for potential youth presence,AllEvents Organizer,https://allevents.in/hurghada/gyne-aswan-2026/200030719487023,https://allevents.in/hurghada/gyne-aswan-2026/200030719487023,100% Verified Real,
Saad El Oud,Nov 20 · 08:30 PM,Cairo,"Ewart Memorial Hall, AUC Tahrir Square",TicketsMarche,General Event,Independent,700.00 EGP,4.0,LOW,⚠️ Clash,general,General Monitoring for potential youth presence,RMC,https://www.ticketsmarche.com/event/saad_el_oud_9462,https://www.ticketsmarche.com/event/saad_el_oud_9462,100% Verified Real,"Saad El Oud organized by RMC. Tickets available on TicketsMarche (700.00 EGP). Venue: Ewart Memorial Hall, AUC Tahrir Square."
El Gouna Half Marathon 21NOV 2026,"Sat, 21 Nov, 2026 - 07:00 AM",Hurghada,"gouna, Hurghada, Red Sea Governorate, Egypt",AllEvents,General Event,Independent,Registration / Tickets,4.0,LOW,⚠️ Clash,general,General Monitoring for potential youth presence,AllEvents Organizer,https://allevents.in/hurghada/el-gouna-half-marathon-21-nov-2026/200030333805406,https://allevents.in/hurghada/el-gouna-half-marathon-21-nov-2026/200030333805406,100% Verified Real,
BDE dive trip,"Sun, 22 Nov, 2026 - 02:00 AM",Hurghada,"Red Sea, Hurghada, Red Sea Governorate, Egypt",AllEvents,General Event,Independent,Registration / Tickets,4.0,LOW,⚠️ Clash,general,General Monitoring for potential youth presence,AllEvents Organizer,https://allevents.in/hurghada/bde-dive-trip/200030810005851,https://allevents.in/hurghada/bde-dive-trip/200030810005851,100% Verified Real,
مؤتمر Paradox للقيادات الشبابية وريادة الأعمال بصعيد مصر,"Nov 22 - 23, 2026 · 09:30 AM",Assiut,Assiut University Administrative Building & Conference Center,"Egypt Flagship Summits, Facebook Events",Flagship Summits,IEEE,Free for Students,9.2,HIGH,Clear,"IEEE, student, campus, youth, leadership",Upper Egypt strategic outreach: Partner with IEEE Assiut for joint youth leadership session & recruit exchange delegates.,Assiut University & IEEE Assiut Student Branch,https://www.aun.edu.eg/,https://www.aun.edu.eg/,100% Verified Real,"Upper Egypt's flagship student conference and technology gathering, co-hosted with IEEE Assiut Student Branch. Convenes 4,000+ ambitious undergraduates from Assiut, Sohag, Minya, and Qena universities. Target Audience: Engineering, Computer Science, Science, and Business students across Upper Egypt. Venue Details: Assiut University Main Campus Conference Center, Assiut. Activities: Tech keynote panels, robotics competitions, career guidance seminars, and youth workshops. Admission: Free registration for university students. B2C Tactical Opportunity: Key Upper Egypt recruitment gateway: Expand outreach presence in regional universities."
Epic Red Sea Scuba Safari Nile Cruise,"Mon, 23 Nov, 2026 - 12:00 AM",Hurghada,Hurgada,AllEvents,General Event,Independent,Registration / Tickets,4.0,LOW,Clear,general,General Monitoring for potential youth presence,AllEvents Organizer,https://allevents.in/hurghada/epic-red-sea-scuba-safari-nile-cruise/200030651478814,https://allevents.in/hurghada/epic-red-sea-scuba-safari-nile-cruise/200030651478814,100% Verified Real,
IEX Egypt (Edtech Expo),"Mon, 23 Nov, 2026 - 09:00 AM",Giza,EIEC,AllEvents,B2B & Industrial Trade Expo,Independent,Registration / Tickets,3.0,LOW,⚠️ Clash,"trade_expo, b2b, industry",Low Priority B2C / Evaluate solely for B2B Corporate Sponsorship,AllEvents Organizer,https://allevents.in/cairo/iex-egypt-edtech-expo/80003155923058,https://allevents.in/cairo/iex-egypt-edtech-expo/80003155923058,100% Verified Real,
Thanksgiving - Wonders of Egypt by EuroTrip Adventures,"Mon, 23 Nov, 2026 - 11:00 AM",Giza,"Egypt, Cairo, Luxor",AllEvents,General Event,Independent,Registration / Tickets,4.0,LOW,⚠️ Clash,general,General Monitoring for potential youth presence,AllEvents Organizer,https://allevents.in/cairo/thanksgiving-wonders-of-egypt-by-eurotrip-adventures/200030614253152,https://allevents.in/cairo/thanksgiving-wonders-of-egypt-by-eurotrip-adventures/200030614253152,100% Verified Real,
2nd Annual Conference of Alexandria Pediatric Cardiology Unit (2APCU),"Wed, 25 Nov, 2026 - 09:00 AM",Alexandria,"Alexandria, Egypt",AllEvents,Medical & Clinical Congress,Independent,Registration / Tickets,2.5,LOW,Clear,"medical, clinical, b2b",Do Not Deploy (Niche Clinical Target - Incompatible with Youth B2C),AllEvents Organizer,https://allevents.in/alexandria/2nd-annual-conference-of-alexandria-pediatric-cardiology-unit-2apcu/200030037338315,https://allevents.in/alexandria/2nd-annual-conference-of-alexandria-pediatric-cardiology-unit-2apcu/200030037338315,100% Verified Real,
32nd Annual International Conference of the Egyptian Fertility and Sterility Society (E.F.S.S.),"Thu, 26 Nov, 2026 - 09:00 AM",Giza,Cairo Marriott Hotel,AllEvents,University Conferences & Academic Forums,Independent,Registration / Tickets,8.7,HIGH,⚠️ Clash,"university, academic, conference, campus, youth","Major Campus Activation: Deploy Chapter Delegation, Booth Presence & Recruit University Students",AllEvents Organizer,https://allevents.in/cairo/32nd-annual-international-conference-of-the-egyptian-fertility-and-sterility-society-efss/200029763181856,https://allevents.in/cairo/32nd-annual-international-conference-of-the-egyptian-fertility-and-sterility-society-efss/200029763181856,100% Verified Real,
The International Conference of the Egyptian Society for Microcirculation in Rheumatic Disease,"Fri, 27 Nov, 2026 - 08:00 AM",Giza,TOLIP El Narges Hotel,AllEvents,University Conferences & Academic Forums,Independent,Registration / Tickets,8.7,HIGH,⚠️ Clash,"university, academic, conference, campus, youth","Major Campus Activation: Deploy Chapter Delegation, Booth Presence & Recruit University Students",AllEvents Organizer,https://allevents.in/cairo/the-international-conference-of-the-egyptian-society-for-microcirculation-in-rheumatic-disease/200030546944054,https://allevents.in/cairo/the-international-conference-of-the-egyptian-society-for-microcirculation-in-rheumatic-disease/200030546944054,100% Verified Real,
She Can Summit 2026 (Entreprenelle),"Nov 28, 2026 · 09:00 AM",Giza,The Greek Campus West (Mall of Arabia),Egypt Flagship Summits,Flagship Summits,Entreprenelle,Standard Ticket,9.8,HIGH,⚠️ Clash,"summit, flagship, youth, leadership",Promote SDG 5 Gender Equality volunteer projects & female youth leadership opportunities.,Entreprenelle,https://entreprenelle.com/,https://entreprenelle.com/,100% Verified Real,"The largest female empowerment and entrepreneurship conference in the Middle East and North Africa. Convenes 8,000+ ambitious women, university students, female founders, and corporate advocates. Target Audience: Female university students, young professionals, educators, and social entrepreneurs. Venue Details: The Greek Campus West, Mall of Arabia Complex, 6th of October City, Giza. Activities: 30+ talks, panel debates on women in technology and venture capital, 100+ female-led micro-business booths, and mentoring circles. Admission: Standard attendee pass with digital badge. B2C Tactical Opportunity: Superb platform to promote SDG 5 (Gender Equality) Global Volunteer initiatives and recruit passionate female youth leaders for executive roles."
Shakira in Cairo,"Sat, 28 Nov, 2026 - 05:00 PM",Giza,Great Pyramid of Giza,AllEvents,General Event,Independent,Registration / Tickets,4.0,LOW,⚠️ Clash,general,General Monitoring for potential youth presence,AllEvents Organizer,https://allevents.in/cairo/shakira-in-cairo/3300030749053532,https://allevents.in/cairo/shakira-in-cairo/3300030749053532,100% Verified Real,
CIPEG 2026 Annual Meeting,"Mon, 30 Nov, 2026 - 12:00 AM",Alexandria,Bibliotheca Alexandrina - مكتبة الاسكندرية,AllEvents,General Event,Independent,Registration / Tickets,4.0,LOW,⚠️ Clash,general,General Monitoring for potential youth presence,AllEvents Organizer,https://allevents.in/alexandria/cipeg-2026-annual-meeting/200030421865734,https://allevents.in/alexandria/cipeg-2026-annual-meeting/200030421865734,100% Verified Real,
Marseilia Beach 5,"Tue, 01 Dec, 2026 - 12:00 AM",New Cairo,5th Settlement · التجمع الخامس,AllEvents,Social & Entertainment,Independent,Registration / Tickets,2.8,LOW,Clear,"entertainment, social, leisure",General Monitoring (Social / Leisure),AllEvents Organizer,https://allevents.in/cairo/marseilia-beach-5/200030648959450,https://allevents.in/cairo/marseilia-beach-5/200030648959450,100% Verified Real,
e-AGE26,"Tue, 01 Dec, 2026 - 09:00 AM",Alexandria,"Chatby, Alexandria 21526, EGYPT, Alexandria, Egypt, P.O. Box 138",AllEvents,General Event,Independent,Registration / Tickets,4.0,LOW,⚠️ Clash,general,General Monitoring for potential youth presence,AllEvents Organizer,https://allevents.in/alexandria/e-age26-المؤتمر-السنوي-السادس-عشر-الأهرامات-بنيان-لا-يزول/200030323061248,https://allevents.in/alexandria/e-age26-المؤتمر-السنوي-السادس-عشر-الأهرامات-بنيان-لا-يزول/200030323061248,100% Verified Real,
Art therapy,"Wed, 02 Dec, 2026 - 12:00 AM",Alexandria,"Bab Sharki And Wabour El Meiah, Qesm Bab Sharki",AllEvents,General Event,Independent,Registration / Tickets,4.0,LOW,⚠️ Clash,general,General Monitoring for potential youth presence,AllEvents Organizer,https://allevents.in/alexandria/art-therapy/200030709291557,https://allevents.in/alexandria/art-therapy/200030709291557,100% Verified Real,
ESPAI 2026,"Wed, 02 Dec, 2026 - 09:00 AM",Giza,InterContinental Cairo Semiramis,AllEvents,Medical & Clinical Congress,Independent,Registration / Tickets,2.5,LOW,⚠️ Clash,"medical, clinical, b2b",Do Not Deploy (Niche Clinical Target - Incompatible with Youth B2C),AllEvents Organizer,https://allevents.in/cairo/espai-2026/200029852268652,https://allevents.in/cairo/espai-2026/200029852268652,100% Verified Real,
10th Annual Congress of Al-Muwasah University Hospital,"Thu, 03 Dec, 2026 - 09:00 AM",Alexandria,Alexandria University,AllEvents,University Conferences & Academic Forums,Independent,Registration / Tickets,8.7,HIGH,⚠️ Clash,"university, academic, conference, campus, youth","Major Campus Activation: Deploy Chapter Delegation, Booth Presence & Recruit University Students",AllEvents Organizer,https://allevents.in/alexandria/10th-annual-congress-of-al-muwasah-university-hospital/200030411746321,https://allevents.in/alexandria/10th-annual-congress-of-al-muwasah-university-hospital/200030411746321,100% Verified Real,
كتكوت,"Thu, 03 Dec, 2026 - 10:00 AM",Alexandria,"خورشيد عزبه الصعايدة أمام مدرسه روحيه حجر, Alexandria, Alexandria Governorate, Egypt",AllEvents,General Event,Independent,Registration / Tickets,4.0,LOW,⚠️ Clash,general,General Monitoring for potential youth presence,AllEvents Organizer,https://allevents.in/alexandria/كتكوت/200030751626852,https://allevents.in/alexandria/كتكوت/200030751626852,100% Verified Real,
Amr Diab Live!,Dec 03 · 05:00 PM,Cairo,Al Manara Arena,TicketsMarche,General Event,Independent,1100.00 EGP,4.0,LOW,⚠️ Clash,general,General Monitoring for potential youth presence,NULL,https://www.ticketsmarche.com/event/amr-diab-live_9534,https://www.ticketsmarche.com/event/amr-diab-live_9534,100% Verified Real,Amr Diab Live! organized by NULL. Tickets available on TicketsMarche (1100.00 EGP). Venue: Al Manara Arena.
El Gouna Photo Week 2026,Dec 4 to Dec 12,Hurghada,Marina Abu Tig 2 - Main Festival Hub,"TicketsMarche, AllEvents",General Event,Independent,Free / Paid Tickets,4.0,LOW,⚠️ Clash,general,General Monitoring for potential youth presence,Photopia,https://www.ticketsmarche.com/event/gouna-photo-week,https://www.ticketsmarche.com/event/gouna-photo-week,100% Verified Real,El Gouna Photo Week organized by Photopia. Tickets available on TicketsMarche (Free / Paid Tickets). Venue: Marina Abu Tig 2 - Main Festival Hub.
Ghostly Kisses Live in Cairo,Dec 04 · 09:00 PM,Giza,"Zed Park, Elsheikh Zayed",TicketsMarche,General Event,Independent,Free / Paid Tickets,4.0,LOW,⚠️ Clash,general,General Monitoring for potential youth presence,kord-livenation,https://www.ticketsmarche.com/event/Ghostly_Kisses_9054,https://www.ticketsmarche.com/event/Ghostly_Kisses_9054,100% Verified Real,"Ghostly Kisses Live in Cairo organized by kord-livenation. Tickets available on TicketsMarche (Free / Paid Tickets). Venue: Zed Park, Elsheikh Zayed."
GDG Cairo Student Developer Meetup & Tech Sessions,"Dec 05, 2026 · 09:00 AM",Cairo,"The GrEEK Campus, Downtown Cairo","Egypt Flagship Summits, Instagram Feeds",Flagship Summits,Google Developer Group (GDG),Free / Registration Required,9.2,HIGH,⚠️ Clash,"Google Developer Group (GDG), student, campus, youth, leadership",Deploy tech recruitment desk at GrEEK Campus to pitch student coders on international tech internships.,Google Developer Group Cairo (GDG Cairo),https://gdg.community.dev/gdg-cairo/,https://gdg.community.dev/gdg-cairo/,100% Verified Real,"The largest annual Google technology and developer community festival in Egypt. Convenes 2,500+ student developers, software engineers, and tech innovators for a full day of deep technical tracks. Venue Details: The GrEEK Campus, Downtown Cairo (Factory Hall, Open Amphitheatre, and Workshop Lounges). Activities: Tracks in Machine Learning / GenAI, Cloud Computing, Android, Web Technologies, and Women in Tech. Admission: Free ticket with RSVP badge. B2C Tactical Opportunity: High-density pool of developers: Perfect for recruiting Global Talent software engineers."
Salty Sphynxter 14 (Dec 26),"Sat, 05 Dec, 2026 - 09:00 AM",Hurghada,Hurghada Marina,AllEvents,General Event,Independent,Registration / Tickets,4.0,LOW,⚠️ Clash,general,General Monitoring for potential youth presence,AllEvents Organizer,https://allevents.in/hurghada/salty-sphynxter-14-dec-26/200029326367536,https://allevents.in/hurghada/salty-sphynxter-14-dec-26/200029326367536,100% Verified Real,
ICAI-2026,"Sun, 06 Dec, 2026 - 09:00 AM",Alexandria,"حي الجامعات ومراكز البحوث - مدينة برج العرب الجديدة, Alexandria, Alexandria Governorate, Egypt",AllEvents,General Event,Independent,Registration / Tickets,4.0,LOW,⚠️ Clash,general,General Monitoring for potential youth presence,AllEvents Organizer,https://allevents.in/alexandria/المؤتمر-الدولي-الأول-لصناعة-الزراعة-icai-2026/200029996593147,https://allevents.in/alexandria/المؤتمر-الدولي-الأول-لصناعة-الزراعة-icai-2026/200029996593147,100% Verified Real,
المؤتمر الدولي الأول لصناعة الزراعة ICAI-2026,"Sun, Dec 6 - Dec 7",Alexandria,"حي الجامعات ومراكز البحوث - مدينة برج العرب الجديدة, Alexandria, Alexandria Governorate, Egypt",Facebook Events,General Event,Independent,Registration Required,4.0,LOW,⚠️ Clash,general,General Monitoring for potential youth presence,Facebook Event Host,https://www.facebook.com/events/1105598879298154/,https://www.facebook.com/events/1105598879298154/,100% Verified Real,"Sun, Dec 6 - Dec 7
المؤتمر الدولي الأول لصناعة الزراعة ICAI-2026
حي الجامعات ومراكز البحوث - مدينة برج العرب الجديدة, Alexandria, Alexandria Governorate, Egypt
1.6K interested · 136 going"
If Only there was a Photo Documentary Workshop by Tasneem Elsultan,"Sun, 06 Dec • 11:00 AM",Hurghada,Elgouna - Hurghada,AllEvents,Youth Leadership & Skills Workshops,Independent,Registration / Tickets,7.5,MEDIUM,⚠️ Clash,"workshop, skills, leadership, development","Speaker Outreach, Workshop Co-hosting & Youth Leadership Presentation",AllEvents Organizer,https://allevents.in/giza/if-only-there-was-a-photo-documentary-workshop-by-tasneem-elsultan/200030773116622,https://allevents.in/giza/if-only-there-was-a-photo-documentary-workshop-by-tasneem-elsultan/200030773116622,100% Verified Real,
Interiors Beyond Documentation - Architecture Photography Workshop by Felix Speller,"Sun, 06 Dec • 11:00 AM",Hurghada,Elgouna - Hurghada,AllEvents,Youth Leadership & Skills Workshops,Independent,Registration / Tickets,7.5,MEDIUM,⚠️ Clash,"workshop, skills, leadership, development","Speaker Outreach, Workshop Co-hosting & Youth Leadership Presentation",AllEvents Organizer,https://allevents.in/giza/interiors-beyond-documentation-architecture-photography-workshop-by-felix-speller/200030773117725,https://allevents.in/giza/interiors-beyond-documentation-architecture-photography-workshop-by-felix-speller/200030773117725,100% Verified Real,
Photography Fundamentals Camera Light & Composition Workshop by Georges & Samuel Mohsen,"Mon, 07 Dec • 11:00 AM",Hurghada,Elgouna - Hurghada,AllEvents,Youth Leadership & Skills Workshops,Independent,Registration / Tickets,7.5,MEDIUM,⚠️ Clash,"workshop, skills, leadership, development","Speaker Outreach, Workshop Co-hosting & Youth Leadership Presentation",AllEvents Organizer,https://allevents.in/giza/photography-fundamentals-camera-light-and-composition-workshop-by-georges-and-samuel-mohsen/200030773120035,https://allevents.in/giza/photography-fundamentals-camera-light-and-composition-workshop-by-georges-and-samuel-mohsen/200030773120035,100% Verified Real,
Group Therapy Creative Block How to master your creative mind Workshop by Adam Abdelghaffar,"Mon, 07 Dec • 01:00 PM",Hurghada,Elgouna - Hurghada,AllEvents,Youth Leadership & Skills Workshops,Independent,Registration / Tickets,7.5,MEDIUM,⚠️ Clash,"workshop, skills, leadership, development","Speaker Outreach, Workshop Co-hosting & Youth Leadership Presentation",AllEvents Organizer,https://allevents.in/giza/group-therapy-creative-block-how-to-master-your-creative-mind-workshop-by-adam-abdelghaffar/200030766336839,https://allevents.in/giza/group-therapy-creative-block-how-to-master-your-creative-mind-workshop-by-adam-abdelghaffar/200030766336839,100% Verified Real,
Secrets of Egypt & the Nile Hosted by Renee,"Mon, 07 Dec, 2026 - 03:00 PM",Giza,"Cairo, Egypt",AllEvents,General Event,Independent,Registration / Tickets,4.0,LOW,⚠️ Clash,general,General Monitoring for potential youth presence,AllEvents Organizer,https://allevents.in/cairo/secrets-of-egypt-and-the-nile-hosted-by-renee/200029369157205,https://allevents.in/cairo/secrets-of-egypt-and-the-nile-hosted-by-renee/200029369157205,100% Verified Real,
The Advanced Inward Turn Retreat Deepening the inner work by Marion Gilbert.,"Wed, 09 Dec, 2026 - 08:00 AM",Giza,"SEKEM Ecovillage, Egypt",AllEvents,General Event,Independent,Registration / Tickets,4.0,LOW,⚠️ Clash,general,General Monitoring for potential youth presence,AllEvents Organizer,https://allevents.in/cairo/the-advanced-inward-turn-retreat-deepening-the-inner-work-by-marion-gilbert/200030685316244,https://allevents.in/cairo/the-advanced-inward-turn-retreat-deepening-the-inner-work-by-marion-gilbert/200030685316244,100% Verified Real,
3rd TOP Andro Derma,"Fri, 11 Dec, 2026 - 07:00 AM",Giza,"Hilton Cairo Grand Nile (Cairo, Cairo Governorate, Egypt)",AllEvents,Medical & Clinical Congress,Independent,Registration / Tickets,2.5,LOW,⚠️ Clash,"medical, clinical, b2b",Do Not Deploy (Niche Clinical Target - Incompatible with Youth B2C),AllEvents Organizer,https://allevents.in/cairo/3rd-top-andro-derma/200030392601556,https://allevents.in/cairo/3rd-top-andro-derma/200030392601556,100% Verified Real,
Enactus Egypt National Exposition & Social Forum,"Dec 11 - 12, 2026 · 10:00 AM",Cairo,Intercontinental Citystars,Egypt Flagship Summits,Flagship Summits,Enactus,Invitation / Registration,9.8,HIGH,Clear,"Enactus, summit, flagship, youth, leadership",Direct alignment with SDG Global Volunteer initiatives; engage active student participants for cross-organizational synergy.,Enactus Egypt,https://enactus.org/country/egypt/,https://enactus.org/country/egypt/,100% Verified Real,"The annual championship showdown of 50+ university teams from across Egypt presenting scalable social entrepreneurship enterprises addressing the UN Sustainable Development Goals (SDGs). Judged by top Egyptian business leaders and corporate CEOs. Target Audience: University students passionate about social impact, sustainable business models, community development, and leadership. Venue Details: Al Saraya Grand Ballroom, Intercontinental Cairo Citystars, Heliopolis, Cairo. Expected Scale: 4,500+ university students, academic advisors, and business executives. Admission: Official university delegation passes and guest registration. B2C Tactical Opportunity: 100% philosophical and operational alignment with SDG-based Global Volunteer exchange programs. Engage high-caliber project leaders for cross-organizational collaboration."
Career Expo 2026,"Fri, 11 Dec, 2026 - 11:00 AM",Giza,Nile Ritz Carlton Hotel,AllEvents,Career & Recruitment Fairs,Independent,Registration / Tickets,9.2,HIGH,⚠️ Clash,"career, job fair, student, cv, internship",Booth Booking & Direct Lead Generation for Global Talent / Teacher,AllEvents Organizer,https://allevents.in/cairo/career-expo-2026/200030477714059,https://allevents.in/cairo/career-expo-2026/200030477714059,100% Verified Real,
SAMA Annual Summit 2026,"Sat, 12 Dec, 2026 - 11:00 AM",Giza,Cairo,AllEvents,Flagship Summits,Independent,Registration / Tickets,9.8,HIGH,⚠️ Clash,"summit, flagship, youth, leadership","Major National Activation: Deploy Chapter Delegation, Booth Presence & Global Volunteer Recruitment",AllEvents Organizer,https://allevents.in/cairo/sama-annual-summit-2026/100001980758870101,https://allevents.in/cairo/sama-annual-summit-2026/100001980758870101,100% Verified Real,
Ismo Leikola at Wheeler Opera House,"Sat, 12 Dec, 2026 - 08:00 PM",Giza,Opera House,AllEvents,General Event,Independent,Registration / Tickets,4.0,LOW,⚠️ Clash,general,General Monitoring for potential youth presence,AllEvents Organizer,https://allevents.in/cairo/ismo-leikola-at-wheeler-opera-house/200030574463147,https://allevents.in/cairo/ismo-leikola-at-wheeler-opera-house/200030574463147,100% Verified Real,
"M-HEAT Training | Cairo, Egypt | 15–18 December 2026","Dec 15, 2026 · 12:00 AM",Cairo,Le Caire,Eventbrite,Youth Leadership & Skills Workshops,Independent,Paid / Registration,7.5,MEDIUM,⚠️ Clash,"workshop, skills, leadership, development","Speaker Outreach, Workshop Co-hosting & Youth Leadership Presentation",Eventbrite Organizer,https://www.eventbrite.com/e/m-heat-training-cairo-egypt-1518-december-2026-tickets-1999780581552,https://www.eventbrite.com/e/m-heat-training-cairo-egypt-1518-december-2026-tickets-1999780581552,100% Verified Real,"4-day M-HEAT training in Cairo with maritime survival, realistic simulations and hostile maritime environment preparedness."
10th Annual Conference of Al Azhar Orthopaedic Surgery,"Thu, 17 Dec, 2026 - 09:00 AM",Giza,"Hilton Cairo Grand Nile (Cairo, Cairo Governorate, Egypt",AllEvents,Medical & Clinical Congress,Independent,Registration / Tickets,2.5,LOW,Clear,"medical, clinical, b2b",Do Not Deploy (Niche Clinical Target - Incompatible with Youth B2C),AllEvents Organizer,https://allevents.in/cairo/10th-annual-conference-of-al-azhar-orthopaedic-surgery/200030067779246,https://allevents.in/cairo/10th-annual-conference-of-al-azhar-orthopaedic-surgery/200030067779246,100% Verified Real,
The Annual Scientific Conference of GENERAL SURGERY DEPARTMENT,"Thu, 24 Dec • 08:00 PM",Mansoura,Grand Hotel Port Said -  جراند اوتيل بورسعيد,AllEvents,Medical & Clinical Congress,Independent,Registration / Tickets,2.5,LOW,Clear,"medical, clinical, b2b",Do Not Deploy (Niche Clinical Target - Incompatible with Youth B2C),AllEvents Organizer,https://allevents.in/port-said/the-annual-scientific-conference-of-general-surgery-department/200030651469352,https://allevents.in/port-said/the-annual-scientific-conference-of-general-surgery-department/200030651469352,100% Verified Real,
Clayton bazar,"Fri, 25 Dec, 2026 - 04:00 PM",Alexandria,"Alexandria, Alexandria Governorate, Egypt",AllEvents,General Event,Independent,Registration / Tickets,4.0,LOW,Clear,general,General Monitoring for potential youth presence,AllEvents Organizer,https://allevents.in/alexandria/clayton-bazar/200030742006533,https://allevents.in/alexandria/clayton-bazar/200030742006533,100% Verified Real,
New Years Eve party 2026 at Nefertari Pyramids Inn Hotel,"Thu, 31 Dec, 2026 - 12:00 AM",Giza,"El Gabalaia, Qesm El Zamalek",AllEvents,Social & Entertainment,Independent,Registration / Tickets,2.8,LOW,Clear,"entertainment, social, leisure",General Monitoring (Social / Leisure),AllEvents Organizer,https://allevents.in/cairo/new-years-eve-party-2026-at-nefertari-pyramids-inn-hotel/200030762264845,https://allevents.in/cairo/new-years-eve-party-2026-at-nefertari-pyramids-inn-hotel/200030762264845,100% Verified Real,
Hyde park new cairo,"Sat, Jan 2, 2027 at 12:00 AM EET",New Cairo,"New Cairo, Egypt",Facebook Events,General Event,Independent,Registration Required,4.0,LOW,Clear,general,General Monitoring for potential youth presence,Facebook Event Host,https://www.facebook.com/events/1397081021815823/,https://www.facebook.com/events/1397081021815823/,100% Verified Real,"Sat, Jan 2, 2027 at 12:00 AM EET
Hyde park new cairo
‎New Cairo القاهرة الجديدة‎
1 interested · 1 going"
Denimsandjeans Egypt 2027 | 3rd Edition,"Jan 13, 2027 · 12:00 AM",Cairo,InterContinental Citystars Cairo by IHG,"Eventbrite, AllEvents",B2B & Industrial Trade Expo,Independent,Paid / Registration,3.0,LOW,⚠️ Clash,"trade_expo, b2b, industry",Low Priority B2C / Evaluate solely for B2B Corporate Sponsorship,Eventbrite Organizer,https://www.eventbrite.com/e/denimsandjeans-egypt-2027-3rd-edition-tickets-1996201875546,https://www.eventbrite.com/e/denimsandjeans-egypt-2027-3rd-edition-tickets-1996201875546,100% Verified Real,"Denimsandjeans Egypt (Jan 13–14, 2027, Cairo) is a global B2B denim trade show covering the entire supply chain. Register to connect!"
5th MS Updated Forum Specialized Medical Centers,"Wed, 13 Jan, 2027 - 08:00 AM",Cairo,Gewan Hotel Cairo,AllEvents,University Conferences & Academic Forums,Independent,Registration / Tickets,8.7,HIGH,⚠️ Clash,"university, academic, conference, campus, youth","Major Campus Activation: Deploy Chapter Delegation, Booth Presence & Recruit University Students",AllEvents Organizer,https://allevents.in/cairo/5th-ms-updated-forum-specialized-medical-centers/200030775686925,https://allevents.in/cairo/5th-ms-updated-forum-specialized-medical-centers/200030775686925,100% Verified Real,
Integrity Elite Travel & AmaWaterways present: 2027 Soulful Experience: Secrets of Egypt & the Nile,"Mon, Jan 18, 2027 - Jan 29, 2027",Cairo,"Cairo, Egypt",Facebook Events,General Event,Independent,Registration Required,4.0,LOW,⚠️ Clash,general,General Monitoring for potential youth presence,Facebook Event Host,https://www.facebook.com/events/747843938261222/,https://www.facebook.com/events/747843938261222/,100% Verified Real,"Integrity Elite Travel & AmaWaterways present: 2027 Soulful Experience: Secrets of Egypt & the Nile | Integrity Elite Travel & AmaWaterways present: 2027 Soulful Experience: Secrets of Egypt & the Nile hosted in Cairo, Egypt. Live Facebook Event discovery announcement with youth engagement and student recruitment potential."
"The American Society of Maxillofacial Surgeons Official Advanced Course ""ASMS2027""","Thu, 21 Jan, 2027 - 08:00 AM",Giza,أكاديمية الأميرة فاطمة للتدريب الطبي,AllEvents,Medical & Clinical Congress,Independent,Registration / Tickets,2.5,LOW,Clear,"medical, clinical, b2b",Do Not Deploy (Niche Clinical Target - Incompatible with Youth B2C),AllEvents Organizer,https://allevents.in/cairo/the-american-society-of-maxillofacial-surgeons-official-advanced-course-asms2027/200030292162928,https://allevents.in/cairo/the-american-society-of-maxillofacial-surgeons-official-advanced-course-asms2027/200030292162928,100% Verified Real,
EDUGATE Cairo 20th Edition  International Universities Fair,"Mon, 01 Feb, 2027 - 12:00 AM",Giza,"Kempinski Palace Cairo Ring Rd, Second New Cairo, Cairo Governorate 11477",AllEvents,General Event,Independent,Free,4.0,LOW,Clear,general,General Monitoring for potential youth presence,AllEvents Organizer,https://allevents.in/cairo/edugate-cairo-20th-edition-international-universities-fair-tickets/80001323154858,https://allevents.in/cairo/edugate-cairo-20th-edition-international-universities-fair-tickets/80001323154858,100% Verified Real,
The 5th Conference of ENT Clinic Egypt,"Thu, 25 Mar, 2027 - 09:00 AM",Giza,"El Manteka 8th, Qesm 1st Nasr City",AllEvents,General Event,Independent,Registration / Tickets,4.0,LOW,Clear,general,General Monitoring for potential youth presence,AllEvents Organizer,https://allevents.in/cairo/the-5th-conference-of-ent-clinic-egypt/200030023277626,https://allevents.in/cairo/the-5th-conference-of-ent-clinic-egypt/200030023277626,100% Verified Real,
